Type d'activité,Date,Favori,Titre,Distance,Calories,Durée,Fréquence cardiaque moyenne,Fréquence cardiaque maximale,TE aérobie,Cadence de course moyenne,Cadence de course maximale,Allure moyenne,Meilleure allure,Ascension totale,Descente totale,Longueur moyenne des foulées,Rapport vertical moyen,Oscillation verticale moyenne,Temps de contact moyen avec le sol,GAP moyenne,Normalized Power® (NP®),Training Stress Score® (TSS®),Puissance moyenne,Puissance max.,Pas,Consommation du Body Battery,Décompression,Temps du meilleur circuit,Nombre de tours,Stress moyen,Stress maximal,Temps de déplacement,Temps écoulé,Altitude minimale,Altitude maximale
Course à pied,2026-08-16 13:16:37,false,"Libercourt Course à pied","15.51","1,026","01:40:50","144","164","3.5","165","172","6:30","5:27","73","72","0.93","9.4","8.8","276","6:30","254","0.0","252","336","16,580","--","--","'-25","Non","00:03:13.9","16","01:40:12","01:50:25","27","62"
Course à pied,2026-08-15 18:46:59,false,"Libercourt Course à pied","7.18","478","00:46:24","138","169","3.0","163","170","6:28","5:35","89","90","0.95","9.4","8.9","278","6:22","270","0.0","263","392","7,592","--","--","'-7","Non","00:01:11.0","8","00:46:19","00:48:08","25","59"
Course à pied,2026-08-13 11:45:31,false,"Libercourt Course à pied","6.02","400","00:40:09","136","150","2.6","164","172","6:40","5:04","24","25","0.91","9.5","8.7","279","6:40","245","0.0","244","343","6,614","--","--","'-11","Non","00:00:05.4","7","00:40:06","00:41:02","30","44"
Course à pied,2026-08-11 12:11:50,false,"Villeneuve-d'Ascq Course à pied","8.02","505","00:52:40","128","154","2.7","164","173","6:34","5:05","44","50","0.92","9.5","8.7","278","6:35","254","0.0","251","382","8,654","--","--","'-10","Non","00:00:06.0","9","00:52:26","00:56:01","38","57"
Course à pied,2026-08-09 10:14:33,false,"Libercourt Course à pied","20.02","1,292","02:12:08","137","154","3.8","165","176","6:36","5:39","89","93","0.92","9.5","8.7","278","6:36","247","0.0","246","322","21,826","'-24","Non","00:00:05.3","21","--","--","02:12:03","02:14:42","27","65"
Course à pied,2026-08-08 17:19:15,false,"Libercourt Course à pied","4.11","286","00:24:22","154","168","3.1","165","173","5:55","5:03","37","11","1.02","9.0","9.2","270","5:50","286","0.0","285","340","4,020","'-7","Non","00:00:39.7","5","--","--","00:24:19","00:24:22","31","68"
Course à pied,2026-08-07 12:19:17,false,"Villeneuve-d'Ascq Course à pied","6.01","397","00:39:43","135","154","2.7","164","171","6:37","3:38","46","43","0.92","9.5","8.7","279","6:35","251","0.0","248","498","6,526","'-9","Non","00:00:03.8","7","--","--","00:39:41","00:40:02","41","56"
Course à pied,2026-08-05 12:10:13,false,"Villeneuve-d'Ascq - fractionné seuil","8.39","542","00:48:07","149","175","3.6","165","174","5:44","3:24","23","28","1.04","8.9","9.2","266","5:47","294","0.0","283","538","7,944","'-12","Non","00:00:01.4","11","--","--","00:48:04","00:48:07","35","45"
Course à pied,2026-08-04 08:36:06,false,"Libercourt Course à pied","7.02","457","00:46:07","138","171","2.9","162","171","6:34","5:16","78","82","0.93","9.5","8.8","279","6:31","254","0.0","252","528","7,488","'-13","Non","00:00:05.0","8","--","--","00:46:00","00:51:06","23","56"
Course à pied,2026-08-02 10:43:03,false,"Libercourt Course à pied","18.52","1,236","01:58:29","144","164","4.0","165","174","6:24","5:29","77","80","0.95","9.4","8.9","276","6:24","259","0.0","257","350","19,542","'-27","Non","00:03:14.8","19","--","--","01:58:22","02:02:05","30","67"
Course à pied,2026-07-31 12:07:43,false,"Villeneuve-d'Ascq Course à pied","5.97","394","00:38:24","138","154","2.8","163","250","6:26","4:46","42","44","0.94","9.3","8.8","275","6:25","259","0.0","255","392","6,310","'-10","Non","00:06:05.0","6","--","--","00:38:15","00:39:10","37","54"
Course à pied,2026-07-30 12:12:19,false,"Libercourt Course à pied","5.30","353","00:35:45","135","153","2.5","162","171","6:44","5:14","14","17","0.91","9.5","8.7","278","6:44","243","0.0","241","336","5,858","'-10","Non","00:01:56.3","6","--","--","00:35:29","00:37:37","28","44"
Course à pied,2026-07-28 12:03:55,false,"Libercourt - Terrils","10.75","746","01:11:19","152","186","3.6","156","174","6:38","4:21","156","157","0.95","9.1","8.6","273","6:30","280","0.0","250","420","11,342","'-18","Non","00:00:00.8","25","--","--","01:11:02","01:13:48","27","59"
Course à pied,2026-07-26 11:31:50,false,"Camphin-en-Pévèle Course à pied","14.60","993","01:31:57","144","162","3.6","166","180","6:18","5:47","95","91","0.95","9.3","8.8","273","6:17","268","0.0","265","375","15,310","'-19","Non","00:03:49.6","15","--","--","01:31:51","01:53:04","36","63"
Course à pied,2026-07-24 17:11:56,false,"Libercourt Course à pied","5.01","335","00:32:36","139","150","2.5","165","243","6:30","5:04","16","12","0.93","9.4","8.8","277","6:31","250","0.0","249","335","5,362","'-8","Non","00:00:04.5","6","--","--","00:32:34","00:34:14","27","34"
Course à pied,2026-07-22 17:51:41,false,"Libercourt - 3x6min","8.37","561","00:50:47","144","171","3.5","166","182","6:04","4:15","30","27","0.99","9.1","9.0","271","6:04","279","0.0","271","442","8,396","'-10","Non","00:00:53.8","13","--","--","00:50:42","00:51:31","23","33"
Course à pied,2026-07-18 09:28:19,false,"Camps-la-Source Course à pied","4.31","427","00:38:18","159","180","3.3","120","231","8:53","4:31","161","162","0.86","9.6","7.9","296","8:01","230","0.0","178","482","5,126","'-11","Non","00:01:44.5","5","--","--","00:36:28","00:44:16","283","424"
Course à pied,2026-07-10 12:02:51,false,"Libercourt Course à pied","7.01","465","00:46:03","137","149","2.8","164","173","6:34","5:27","42","43","0.92","9.4","8.7","276","6:34","257","0.0","252","341","7,556","'-9","Non","00:00:02.9","8","--","--","00:45:44","00:47:58","28","62"
Course à pied,2026-07-08 17:41:30,false,"Libercourt Course à pied","7.16","492","00:48:34","138","170","3.0","163","176","6:47","4:35","90","90","0.90","9.6","8.6","279","6:43","255","0.0","249","393","8,034","'-10","Non","00:01:05.3","8","--","--","00:48:26","00:51:55","24","58"
Course à pied,2026-07-05 19:14:22,false,"Libercourt - Terrils","12.79","851","01:21:30","145","179","3.7","161","231","6:22","4:14","209","205","0.97","9.1","8.8","274","6:13","292","0.0","266","500","13,256","'-19","Non","00:00:26.5","17","--","--","01:21:03","01:25:45","21","56"
Course à pied,2026-07-03 12:08:52,false,"Villeneuve-d'Ascq Course à pied","5.68","373","00:36:57","132","161","2.7","165","172","6:30","5:20","38","46","0.93","9.4","8.8","277","6:29","259","0.0","252","419","6,074","'-9","Non","00:04:11.8","6","--","--","00:36:54","00:37:24","35","54"
Course à pied,2026-07-01 17:17:50,false,"Libercourt Course à pied","10.17","639","01:05:28","126","147","3.0","164","177","6:26","5:19","56","58","0.94","9.4","8.8","276","6:25","254","0.0","252","321","10,820","'-12","Non","00:00:57.5","11","--","--","01:05:25","01:05:28","27","65"
Course à pied,2026-06-28 10:11:21,false,"Ambleteuse Course à pied","17.41","1,185","01:51:38","144","182","4.1","161","179","6:25","3:55","356","366","0.96","9.3","8.9","276","6:14","276","0.0","266","461","18,306","'-28","Non","00:02:35.9","18","--","--","01:51:06","02:06:06","1","49"
Course à pied,2026-06-26 16:57:34,false,"Ambleteuse Course à pied","9.70","651","01:05:04","138","173","3.2","158","187","6:42","5:20","206","207","0.93","9.5","8.8","281","6:32","260","0.0","250","485","10,476","'-12","Non","00:04:57.3","10","--","--","01:04:35","01:09:09","2","47"
Course à pied,2026-06-21 08:59:54,false,"Métabief Course à pied","16.91","1,477","02:34:24","154","189","4.4","119","244","9:08","3:43","786","784","0.91","8.8","7.4","283","7:37","211","0.0","175","483","19,632","'-29","Non","00:04:18.6","17","--","--","02:24:55","02:34:24","1,017","1,468"
Course à pied,2026-06-19 18:52:37,false,"Doubs Course à pied","5.01","320","00:37:18","119","135","2.1","162","187","7:27","6:20","19","20","0.82","10.1","8.3","287","7:28","219","0.0","217","312","6,082","'-4","Non","00:00:02.5","6","--","--","00:37:13","00:37:18","811","825"
Course à pied,2026-06-17 17:52:03,false,"Libercourt Course à pied","10.02","652","01:07:04","135","149","3.0","164","171","6:42","6:07","53","51","0.91","9.6","8.7","280","6:42","247","0.0","246","304","10,974","'-10","Non","00:00:06.2","11","--","--","01:07:00","01:08:39","30","65"
Course à pied,2026-06-15 12:16:50,false,"Villeneuve-d'Ascq Course à pied","6.00","382","00:40:22","125","147","2.4","164","173","6:43","4:59","46","47","0.90","9.6","8.7","280","6:43","247","0.0","243","367","6,624","'-9","Non","00:00:03.2","7","--","--","00:40:17","00:40:48","37","58"
Course à pied,2026-06-13 10:06:19,false,"Raismes Course à pied","15.01","1,127","01:43:46","151","186","4.1","147","190","6:55","3:52","343","341","0.97","9.2","8.7","275","6:26","261","0.0","237","564","15,668","'-29","Non","00:00:03.5","16","--","--","01:39:15","01:53:22","19","99"
Course à pied,2026-06-10 18:11:20,false,"Libercourt Course à pied","15.51","967","01:45:41","126","139","3.1","164","238","6:49","5:07","79","82","0.89","9.6","8.6","280","6:51","245","0.0","243","351","17,322","'-14","Non","00:03:29.4","16","--","--","01:45:20","01:49:22","27","66"
Course à pied,2026-06-09 12:24:51,false,"Villeneuve-d'Ascq - Fractionné - 30/30 - Octobre","5.18","335","00:30:09","146","183","3.1","151","228","5:49","2:36","15","16","1.07","8.3","8.2","250","5:53","289","0.0","252","598","4,620","'-7","Non","00:00:30","35","--","--","00:30:03","00:31:13","40","46"
Course à pied,2026-06-04 17:10:08,false,"Libercourt Course à pied","10.02","651","01:06:51","134","149","2.8","165","176","6:40","5:20","71","72","0.91","9.5","8.6","278","6:39","253","0.0","251","349","11,048","'-12","Non","00:00:03.6","12","--","--","01:06:46","01:07:40","28","66"
Course à pied,2026-06-04 12:11:01,false,"Libercourt Course à pied","5.02","322","00:30:09","136","158","2.7","166","176","6:01","4:47","39","40","1.00","9.1","9.1","270","5:58","288","0.0","280","392","4,988","'-9","Non","00:00:06.4","6","--","--","00:30:03","00:30:53","30","65"
Course à pied,2026-05-31 16:07:52,false,"Libercourt Course à pied","10.02","702","01:03:44","150","169","3.3","166","174","6:22","5:42","56","56","0.95","9.3","8.8","274","6:21","266","0.0","263","348","10,568","'-12","Non","00:00:06.0","11","--","--","01:03:41","01:03:44","27","64"
Course à pied,2026-05-31 08:59:53,false,"Templeuve-en-Pévèle Course à pied","5.08","345","00:22:31","188","198","4.5","172","193","4:26","3:07","12","11","1.30","7.5","9.8","236","4:27","362","0.0","360","474","3,864","'-13","Non","00:00:21.6","6","--","--","00:22:29","00:22:31","28","41"
Course à pied,2026-05-28 07:46:32,false,"Libercourt Course à pied","10.05","665","01:06:59","136","150","3.0","166","174","6:40","5:46","57","56","0.90","9.5","8.6","277","6:38","249","0.0","247","313","11,118","'-14","Non","00:00:22.6","11","--","--","01:06:56","01:06:59","30","67"
Course à pied,2026-05-27 18:23:40,false,"Libercourt Course à pied","5.01","335","00:33:25","133","148","2.4","163","173","6:40","5:37","17","17","0.92","9.6","8.8","281","6:41","248","0.0","246","311","5,454","'-6","Non","00:00:03.8","6","--","--","00:33:22","00:34:02","29","43"
Course à pied,2026-05-25 10:37:45,false,"Libercourt Course à pied","5.01","341","00:33:41","137","156","2.4","165","171","6:44","5:44","11","12","0.90","9.6","8.6","279","6:45","243","0.0","242","317","5,552","'-10","Non","00:00:03.8","6","--","--","00:33:38","00:33:41","28","42"
Course à pied,2026-05-23 09:10:46,false,"Fretin Course à pied","21.26","1,470","02:12:50","152","176","4.2","165","178","6:15","4:55","66","66","0.97","9.2","8.9","273","6:15","260","0.0","259","345","21,938","'-29","Non","00:01:22.2","22","--","--","02:12:39","02:12:58","25","44"
Course à pied sur piste,2026-05-20 17:21:11,false,"Libercourt - Fractionné - 400m - Octobre","10,010","689","00:59:53","151","187","3.7","148","243","5:59","3:36","3","7","1.09","8.1","8.7","250","--","309","0.0","263","537","9,236","'-11","Non","00:01:00","35","--","--","00:59:23","01:00:14","26","30"
Course à pied,2026-05-18 16:11:58,false,"Libercourt - Entraînement course à pied","8.01","518","00:47:44","140","172","3.2","164","176","5:58","4:27","106","104","1.02","8.9","9.1","270","5:53","294","0.0","282","397","7,882","'-13","Non","00:03:18.6","10","--","--","00:47:37","00:53:51","24","57"
Course à pied,2026-05-16 10:37:08,false,"Libercourt - Entraînement course à pied","14.01","939","01:28:44","146","184","3.7","157","198","6:20","4:38","229","233","0.99","8.9","8.8","270","6:12","286","0.0","259","423","14,190","'-20","Non","00:00:01.2","24","--","--","01:28:11","01:31:11","19","57"
Course à pied,2026-05-15 13:50:42,false,"Libercourt Course à pied","6.01","397","00:39:45","135","168","2.6","165","226","6:37","5:32","51","50","0.92","9.5","8.7","277","6:28","262","0.0","255","449","6,558","'-11","Non","00:00:05.2","7","--","--","00:39:42","00:40:41","23","58"
Course à pied sur piste,2026-05-13 11:52:41,false,"Libercourt - Fractionné - 400m - Octobre","10,010","661","00:59:46","148","177","3.7","154","180","5:58","3:51","4","2","1.06","8.1","8.5","255","--","306","0.0","268","489","9,350","'-15","Non","00:00:47.8","35","--","--","00:59:24","01:00:48","29","33"
Course à pied,2026-05-12 10:02:27,false,"Libercourt Course à pied","10.01","641","01:05:20","132","151","3.0","168","176","6:32","5:34","56","55","0.91","9.4","8.6","274","6:31","255","0.0","253","317","10,932","'-16","Non","00:00:03.9","11","--","--","01:05:17","01:05:20","27","66"
Course à pied,2026-05-10 11:26:03,false,"Raismes Course à pied","11.44","894","01:28:05","149","174","3.6","139","240","7:42","2:57","294","294","0.91","9.2","8.1","276","7:13","238","0.0","211","599","12,898","'-22","Non","00:02:41.9","12","--","--","01:24:51","01:34:52","17","103"
Course à pied,2026-05-09 12:21:38,false,"Libercourt Course à pied","5.01","332","00:34:10","132","149","2.4","165","173","6:49","5:22","15","17","0.89","9.6","8.5","279","6:51","239","0.0","237","316","5,554","'-7","Non","00:00:04.4","35","--","--","00:33:57","00:35:13","27","40"
Course à pied,2026-05-06 12:13:30,false,"Villeneuve-d'Ascq Course à pied","5.56","369","00:37:01","138","174","2.6","165","174","6:40","4:31","44","45","0.91","9.6","8.7","279","6:38","251","0.0","246","426","6,092","'-8","Non","00:03:26.8","6","--","--","00:36:57","00:37:55","36","54"
Course à pied,2026-05-04 17:23:29,false,"Libercourt Course à pied","21.16","1,381","02:22:33","135","153","3.6","166","178","6:44","4:47","107","107","0.89","9.5","8.5","276","6:44","242","0.0","240","358","23,736","'-31","Non","00:01:04.8","22","--","--","02:21:45","02:37:01","29","66"
Course à pied,2026-05-01 16:53:58,false,"Cugny Course à pied","6.40","422","00:44:33","132","151","2.5","165","173","6:57","6:19","53","53","0.87","9.7","8.5","281","6:55","244","0.0","240","340","7,350","'-5","Non","00:02:50.2","7","--","--","00:44:30","00:44:33","69","96"
Course à pied,2026-04-30 17:30:22,false,"Libercourt Course à pied","10.01","646","01:02:38","137","149","3.1","168","178","6:15","5:33","60","60","0.95","9.2","8.8","271","6:15","270","0.0","267","343","10,504","'-14","Non","00:00:03.0","11","--","--","01:02:35","01:02:38","25","63"
Course à pied,2026-04-29 18:33:16,false,"Libercourt Course à pied","6.01","393","00:42:43","129","140","2.4","168","174","7:07","6:05","18","20","0.84","9.8","8.2","279","7:07","234","0.0","232","316","7,156","'-6","Non","00:00:03.6","7","--","--","00:42:41","00:42:43","27","41"
Course à pied,2026-04-26 10:07:57,false,"Villeneuve-d'Ascq Course à pied","10.13","666","00:48:02","179","192","5.0","173","200","4:44","2:37","39","21","1.22","7.8","9.5","243","4:44","341","0.0","339","559","8,268","'-15","Non","00:00:33.0","11","--","--","00:47:59","00:48:02","23","43"
Course à pied,2026-04-25 11:58:22,false,"Libercourt Course à pied","3.51","218","00:30:23","110","130","1.5","141","240","8:40","6:20","10","8","0.83","8.8","7.2","360","8:39","182","0.0","169","260","4,246","'-4","Non","00:03:40.7","4","--","--","00:30:23","00:30:23","28","36"
Course à pied,2026-04-23 12:12:16,false,"Villeneuve-d'Ascq Course à pied","5.57","374","00:37:34","139","163","2.6","165","176","6:45","5:09","42","42","0.89","9.6","8.6","279","6:44","251","0.0","246","417","6,186","'-9","Non","00:03:44.7","6","--","--","00:37:32","00:37:50","39","57"
Course à pied,2026-04-21 18:16:51,false,"Libercourt Course à pied","5.01","329","00:34:23","135","172","2.5","161","174","6:52","4:21","16","15","0.89","9.4","8.3","276","6:53","252","0.0","234","439","5,594","'-7","Non","00:00:04.7","6","--","--","00:34:19","00:34:28","31","47"
Course à pied,2026-04-19 11:42:29,false,"Libercourt - Entraînement course à pied","10.90","747","01:08:56","150","182","3.7","163","176","6:19","4:40","163","166","0.97","9.1","8.8","271","6:13","290","0.0","269","459","11,220","'-16","Non","00:00:00.7","24","--","--","01:08:50","01:10:13","23","55"
Course à pied,2026-04-17 12:07:51,false,"Libercourt Course à pied","15.52","1,022","01:44:10","140","157","3.5","165","233","6:43","4:54","66","63","0.90","9.5","8.5","277","6:44","244","0.0","243","368","17,234","'-25","Non","00:03:24.8","16","--","--","01:43:30","01:48:45","30","67"
Course à pied sur piste,2026-04-15 18:38:50,false,"Libercourt - Fractionné - 30/30 - Octobre","5,930","418","00:36:19","155","184","3.4","152","230","6:07","2:39","12","13","1.04","8.6","8.4","258","--","287","0.0","254","564","5,680","'-10","Non","00:00:02.4","36","--","--","00:36:09","00:39:22","28","37"
Course à pied,2026-04-13 12:04:31,false,"Villeneuve-d'Ascq Course à pied","10.01","669","01:08:10","137","156","3.1","166","190","6:49","4:51","73","74","0.88","9.6","8.5","279","6:47","244","0.0","240","387","11,296","'-17","Non","00:00:02.9","11","--","--","01:08:08","01:08:10","40","57"
Course à pied,2026-04-11 12:02:19,false,"Libercourt - Entraînement course à pied","16.02","1,072","01:40:48","148","178","4.1","160","178","6:18","3:57","256","256","0.98","9.0","8.9","272","6:10","293","0.0","269","452","16,262","'-20","Non","00:00:00.6","27","--","--","01:40:35","01:42:05","24","59"
Course à pied,2026-04-06 17:55:41,false,"Libercourt Course à pied","10.01","671","00:59:53","148","168","3.4","164","175","5:59","4:59","54","54","1.02","9.1","9.2","271","5:58","277","0.0","274","360","9,838","'-12","Non","00:00:03.1","11","--","--","00:59:39","00:59:53","29","65"
Course à pied,2026-04-01 18:02:55,false,"Libercourt Course à pied","10.01","652","01:08:36","134","152","3.0","165","179","6:51","5:08","53","54","0.88","9.6","8.5","279","6:52","239","0.0","238","333","11,312","'-9","Non","00:00:03.4","11","--","--","01:08:24","01:10:07","26","62"
Course à pied,2026-03-29 12:32:45,false,"Libercourt Course à pied","15.01","985","01:42:03","136","159","3.3","165","174","6:48","5:25","70","67","0.89","9.6","8.6","279","6:47","245","0.0","244","327","16,808","'-25","Non","00:00:05.0","16","--","--","01:41:54","01:47:53","29","66"
Course à pied,2026-03-27 12:17:06,false,"Villeneuve-d'Ascq - 5km - 25min","5.01","303","00:22:54","166","194","3.7","170","183","4:34","3:21","8","3","1.28","7.8","9.9","244","4:36","364","0.0","359","526","3,880","'-6","Non","00:00:02.6","6","--","--","00:22:52","00:22:54","44","50"
Course à pied,2026-03-22 16:43:12,false,"Libercourt Course à pied","10.02","640","01:08:30","130","144","3.0","164","173","6:50","5:00","53","56","0.89","9.7","8.6","281","6:50","244","0.0","241","347","11,226","'-11","Non","00:00:06.4","11","--","--","01:08:28","01:08:30","28","67"
Course à pied,2026-03-18 12:06:05,false,"Villeneuve-d'Ascq Course à pied","5.51","361","00:36:14","134","154","2.6","162","200","6:35","3:50","45","42","0.93","9.6","8.9","281","6:33","260","0.0","255","462","5,880","'-7","Non","00:03:30.0","6","--","--","00:36:11","00:36:19","38","55"
Course à pied,2026-03-10 18:10:29,false,"Libercourt - Entraînement course à pied","11.01","738","01:11:33","146","185","3.5","161","243","6:30","4:50","164","164","0.95","9.3","8.8","277","6:24","279","0.0","259","437","11,530","'-14","Non","00:00:00.6","25","--","--","01:11:25","01:12:12","21","54"
Course à pied,2026-03-06 17:32:48,false,"Libercourt Course à pied","6.01","406","00:39:10","139","154","2.8","163","183","6:31","4:30","45","47","0.93","9.4","8.8","278","6:29","254","0.0","252","417","6,412","'-9","Non","00:00:03.0","7","--","--","00:39:07","00:46:53","24","58"
Course à pied,2026-03-04 17:42:44,false,"Villeneuve-d'Ascq Course à pied","13.02","869","01:15:50","152","178","4.0","166","214","5:49","2:35","26","15","1.04","8.9","9.3","269","5:49","281","0.0","280","716","12,528","'-18","Non","00:00:02.8","14","--","--","01:15:47","01:15:50","18","34"
Course à pied,2026-03-03 17:56:57,false,"Libercourt Course à pied","5.51","356","00:38:12","127","140","2.4","163","171","6:56","5:01","10","11","0.88","9.7","8.6","283","6:56","235","0.0","234","330","6,236","'-7","Non","00:03:35.3","6","--","--","00:38:09","00:39:24","27","37"
Course à pied,2026-02-25 15:53:11,false,"Libercourt Course à pied","6.01","397","00:38:46","139","158","2.8","164","194","6:27","4:27","50","47","0.95","9.4","8.8","276","6:24","263","0.0","258","428","6,392","'-17","Non","00:00:04.4","7","--","--","00:38:38","00:40:32","23","57"
Course à pied sur piste,2026-02-24 18:05:02,false,"Libercourt - Fractionné - 30/30 - Octobre","5,010","340","00:30:16","149","186","3.2","149","231","6:03","2:49","--","--","1.09","8.3","8.4","252","--","288","0.0","253","597","4,602","'-6","Non","00:00:24.6","35","--","--","00:30:10","00:30:50","28","30"
Course à pied,2026-02-22 15:41:36,false,"Raismes Course à pied","11.34","966","01:31:44","156","193","4.3","132","228","8:05","4:10","345","322","0.93","9.2","8.1","280","7:17","248","0.0","207","543","13,066","'-24","Non","00:01:59.6","12","--","--","01:25:45","01:45:33","18","101"
Course à pied,2026-02-19 17:12:12,false,"Libercourt - Entraînement course à pied","11.01","742","01:12:52","140","176","3.5","162","174","6:37","4:41","161","165","0.94","9.4","8.7","277","6:31","274","0.0","254","427","11,834","'-18","Non","00:00:00.5","24","--","--","01:12:38","01:12:52","19","51"
Course à pied,2026-02-14 11:04:40,false,"Libercourt - Entraînement course à pied","15.46","1,119","01:39:28","160","197","4.5","160","188","6:26","5:04","279","281","0.96","8.9","8.6","271","6:17","288","0.0","263","427","16,064","'-20","Non","00:00:01.2","24","--","--","01:39:23","01:39:30","23","58"
Course à pied,2026-02-12 12:24:15,false,"Villeneuve-d'Ascq Course à pied","5.01","334","00:33:25","140","153","2.5","167","174","6:40","4:58","13","14","0.89","9.5","8.5","276","6:44","247","0.0","245","345","5,580","'-6","Non","00:00:04.0","6","--","--","00:33:23","00:34:00","38","43"
Course à pied,2026-02-10 17:37:28,false,"Libercourt Course à pied","10.01","655","01:10:11","136","155","2.9","165","173","7:01","5:25","55","55","0.87","9.8","8.5","282","7:00","238","0.0","236","310","11,524","'-12","Non","00:00:08.3","11","--","--","01:10:09","01:11:03","27","66"
Course à pied,2026-02-07 12:58:22,false,"Libercourt Course à pied","4.01","264","00:27:12","136","152","2.3","167","174","6:47","5:48","30","33","0.88","9.6","8.4","276","6:46","248","0.0","247","397","4,522","'-7","Non","00:00:04.6","5","--","--","00:27:10","00:27:52","24","57"
Course à pied sur piste,2026-02-04 17:31:41,false,"Libercourt - Semi -2h","21,130","1,443","01:57:42","164","192","5.0","169","181","5:34","3:41","1","--","1.08","8.6","9.3","260","--","298","0.0","297","443","19,866","'-30","Non","00:00:05.9","15","--","--","01:57:38","01:57:42","27","30"
Course à pied,2026-02-02 12:11:27,false,"Villeneuve-d'Ascq Course à pied","6.01","420","00:40:45","146","171","2.9","166","187","6:47","5:27","40","38","0.88","9.6","8.4","277","6:46","245","0.0","243","400","6,792","'-10","Non","00:00:03.0","7","--","--","00:40:39","00:41:36","41","57"
Course à pied,2026-01-29 17:20:02,false,"Libercourt Course à pied","10.03","676","01:05:39","145","162","3.2","167","174","6:33","4:46","56","55","0.92","9.4","8.6","275","6:33","251","0.0","250","381","10,924","'-17","Non","00:00:09.1","11","--","--","01:05:36","01:07:20","25","63"
Course à pied,2026-01-28 12:16:46,false,"Villeneuve-d'Ascq Course à pied","5.01","330","00:29:05","146","160","3.1","168","174","5:48","4:07","12","12","1.03","8.8","9.1","265","5:47","280","0.0","279","418","4,886","'-9","Non","00:00:03.5","6","--","--","00:29:03","00:29:37","36","43"
Course à pied,2026-01-25 11:21:56,false,"Libercourt Course à pied","16.51","1,126","01:42:19","139","169","4.1","167","199","6:12","3:35","126","130","0.97","9.1","8.8","270","6:09","273","0.0","268","504","17,192","'-26","Non","00:02:55.8","17","--","--","01:42:11","01:42:19","23","65"
Course à pied,2026-01-23 12:11:58,false,"Villeneuve-d'Ascq Course à pied","6.01","428","00:39:17","152","178","3.0","164","172","6:32","5:21","46","48","0.93","9.5","8.8","278","6:30","263","0.0","257","420","6,452","'-12","Non","00:00:04.6","7","--","--","00:39:13","00:39:17","38","56"
Course à pied,2026-01-21 17:57:25,false,"Libercourt - Base","5.36","356","00:30:03","152","167","3.2","166","171","5:36","5:01","18","18","1.08","8.8","9.5","266","5:36","299","0.0","296","361","4,962","'-8","Non","00:00:02.6","7","--","--","00:30:01","00:30:03","24","35"
Course à pied,2026-01-18 11:11:12,false,"Libercourt - Entraînement course à pied","21.21","1,479","02:24:53","146","187","4.6","154","230","6:50","3:17","365","367","0.95","9.1","8.5","272","6:41","279","0.0","244","453","22,688","'-31","Non","00:03:17.6","27","--","--","02:23:28","02:24:54","23","54"
Course à pied,2026-01-16 17:07:01,false,"Villeneuve-d'Ascq Course à pied","8.01","518","00:50:36","142","174","3.1","166","173","6:19","4:10","8","8","0.95","9.4","8.8","274","6:21","264","0.0","253","413","8,374","'-9","Non","00:00:02.9","9","--","--","00:50:33","00:50:36","36","41"
Course à pied,2026-01-14 17:30:00,false,"Course à pied","10.00","709","01:10:00","--","--","--","--","--","7:00","--","--","--","--","--","--","--","--","--","0.0","--","--","--","--","Non","01:10:00","1","0","0","--:--:--","01:10:00","--","--"
Course à pied,2026-01-14 17:20:31,false,"Libercourt Course à pied","7.64","511","00:51:26","138","162","3.0","164","174","6:44","4:32","54","18","0.90","9.6","8.6","280","6:40","251","0.0","249","405","8,432","'-9","Non","00:04:00.4","8","--","--","00:51:22","00:52:51","26","64"
Course à pied sur piste,2026-01-12 18:25:30,false,"Libercourt - Fractionné - 30/30 - Octobre","5,050","339","00:29:55","152","182","3.2","152","226","5:55","3:02","--","3","1.07","8.4","8.5","252","--","291","0.0","258","523","4,576","'-8","Non","00:00:02.7","35","--","--","00:29:52","00:29:55","26","30"
Course à pied,2026-01-10 14:06:51,false,"Libercourt Course à pied","5.01","322","00:34:06","128","140","2.3","166","171","6:48","6:03","15","13","0.89","9.6","8.5","278","6:48","240","0.0","238","288","5,658","'-7","Non","00:00:03.6","6","--","--","00:34:05","00:34:06","24","35"
Course à pied,2026-01-03 14:43:38,false,"Libercourt Course à pied","10.01","629","01:05:51","125","147","3.0","167","194","6:35","5:00","58","64","0.91","9.5","8.6","276","6:36","255","0.0","253","408","10,950","'-14","Non","00:00:03.2","11","--","--","01:05:48","01:07:32","19","62"
Course à pied,2026-01-02 14:32:41,false,"Libercourt Course à pied","5.01","329","00:35:08","126","144","2.3","165","179","7:01","5:12","19","22","0.86","9.7","8.3","278","7:00","237","0.0","234","322","5,860","'-7","Non","00:00:02.3","6","--","--","00:35:03","00:35:08","23","36"
Course à pied,2025-12-31 13:19:08,false,"Libercourt Course à pied","6.01","398","00:39:47","138","150","2.7","168","175","6:37","5:14","19","12","0.90","9.4","8.4","273","6:39","245","0.0","244","358","6,688","'-12","Non","00:00:03.6","7","--","--","00:39:37","00:41:49","23","33"
Course à pied,2025-12-30 13:09:26,false,"Libercourt Course à pied","5.01","338","00:34:20","142","157","2.5","168","176","6:51","6:02","14","13","0.87","9.6","8.3","276","6:52","237","0.0","236","284","5,756","'-11","Non","00:00:04.3","6","--","--","00:34:18","00:34:20","25","35"
Course à pied,2025-12-28 14:10:53,false,"Libercourt Course à pied","16.02","1,052","01:45:55","139","153","3.5","168","179","6:37","5:08","106","107","0.90","9.4","8.5","274","6:33","254","0.0","251","453","17,750","'-26","Non","00:00:05.5","17","--","--","01:45:49","01:48:48","20","62"
Course à pied,2025-12-26 12:54:57,false,"Libercourt Course à pied","10.01","661","01:05:05","141","158","3.1","169","177","6:30","4:59","56","60","0.91","9.3","8.5","272","6:30","251","0.0","250","349","10,986","'-14","Non","00:00:05.5","11","--","--","01:05:02","01:07:32","22","63"
Course à pied,2025-12-25 19:19:08,false,"Libercourt Course à pied","13.32","911","01:21:22","143","169","3.8","167","176","6:07","4:39","65","62","0.98","9.1","8.9","270","6:06","273","0.0","270","353","13,588","'-17","Non","00:01:54.7","14","--","--","01:21:18","01:21:46","23","64"
Course à pied,2025-12-23 12:22:08,false,"Libercourt - Entraînement course à pied","12.52","833","01:21:29","141","164","3.5","163","187","6:30","4:53","169","168","0.94","9.2","8.6","274","6:24","275","0.0","255","413","13,316","'-22","Non","00:00:01.1","26","--","--","01:21:23","01:23:50","21","56"
Course à pied,2025-12-21 17:34:15,false,"Libercourt Course à pied","8.15","528","00:56:57","131","145","2.6","164","174","6:59","3:53","26","24","0.87","9.8","8.5","282","7:01","374","0.0","243","1,681","9,356","'-11","Non","00:00:57.4","9","--","--","00:56:48","00:59:49","23","32"
Course à pied,2025-12-19 12:17:26,false,"Wahagnies Course à pied","9.52","606","01:12:02","132","184","2.6","162","197","7:34","4:08","58","59","0.81","10.1","8.1","288","7:34","232","0.0","218","447","11,776","'-15","Non","00:02:28.9","10","--","--","01:11:57","01:12:31","27","64"
Course à pied,2025-12-17 18:56:44,false,"Libercourt Course à pied","10.01","660","01:09:04","138","153","3.0","164","174","6:54","5:46","57","52","0.88","9.7","8.6","281","6:53","240","0.0","240","344","11,318","'-10","Non","00:00:05.1","11","--","--","01:09:02","01:12:10","27","66"
Course à pied,2025-12-15 19:12:42,false,"Libercourt Course à pied","5.01","329","00:34:39","132","145","2.3","164","170","6:55","6:11","12","11","0.88","9.7","8.6","282","6:56","240","0.0","238","278","5,674","'-5","Non","00:00:04.3","6","--","--","00:34:35","00:35:12","24","35"
Course à pied,2025-12-13 19:02:55,false,"Libercourt Course à pied","10.02","690","01:06:28","142","166","3.2","166","174","6:38","5:57","58","56","0.91","9.5","8.7","278","6:37","248","0.0","246","308","10,982","'-11","Non","00:00:07.7","11","--","--","01:06:26","01:06:28","25","63"
Course à pied,2025-12-12 12:22:05,false,"Libercourt Course à pied","10.01","687","01:07:54","146","162","3.1","166","177","6:47","5:49","56","55","0.89","9.6","8.5","278","6:46","244","0.0","242","307","11,286","'-17","Non","00:00:05.2","11","--","--","01:07:52","01:09:22","27","64"
Course à pied,2025-12-09 18:38:57,false,"Libercourt Course à pied","6.22","419","00:42:34","137","155","2.5","163","170","6:51","5:12","16","15","0.89","9.6","8.6","279","6:50","244","0.0","241","325","6,972","'-8","Non","00:01:32.2","7","--","--","00:42:19","00:46:43","20","29"
Course à pied sur piste,2025-12-03 18:35:34,false,"Libercourt - Fractionné - 30/30 - Octobre","5,180","362","00:29:15","159","186","3.4","161","196","5:39","2:49","2","9","1.09","8.3","8.5","248","--","366","0.0","295","3,445","4,668","'-7","Non","00:00:04.3","35","--","--","00:29:13","00:29:15","20","30"
Course à pied,2025-12-02 18:34:56,false,"Libercourt Course à pied","10.01","673","01:09:35","142","158","3.0","166","179","6:57","5:05","56","58","0.87","9.7","8.4","280","6:57","239","0.0","238","361","11,490","'-13","Non","00:00:05.4","11","--","--","01:09:33","01:10:01","20","57"
Course à pied,2025-11-30 14:57:34,false,"Libercourt - Entraînement course à pied","18.01","1,236","01:56:58","144","171","4.0","158","198","6:30","3:41","312","312","0.97","8.9","8.5","268","6:23","293","0.0","263","504","18,718","'-20","Non","00:03:32.3","24","--","--","01:56:25","01:59:10","19","54"
Course à pied,2025-11-28 12:10:04,false,"Libercourt Course à pied","9.01","632","00:59:45","146","181","3.2","167","175","6:38","4:35","68","36","0.90","9.4","8.5","275","6:34","257","0.0","251","533","9,972","'-13","Non","00:00:02.6","10","--","--","00:59:39","01:07:35","29","75"
Course à pied,2025-11-27 18:55:25,false,"Libercourt Course à pied","4.12","293","00:25:54","150","162","2.7","165","179","6:17","4:53","11","12","0.97","9.3","9.0","275","6:17","273","0.0","268","386","4,270","'-12","Non","00:00:52.1","5","--","--","00:25:51","00:26:00","26","32"
Course à pied sur piste,2025-11-25 18:18:07,false,"Libercourt - Fractionné long - novembre","10,020","707","00:58:52","157","184","4.0","162","176","5:52","3:55","--","4","1.06","8.6","9.1","262","--","303","0.0","283","487","9,606","'-10","Non","00:00:06.4","13","--","--","00:58:49","00:58:52","25","30"
Course à pied,2025-11-22 12:57:59,false,"Libercourt Course à pied","14.01","931","01:34:28","137","152","3.2","166","172","6:44","4:47","82","80","0.89","9.6","8.5","278","6:44","252","0.0","250","350","15,676","'-17","Non","00:00:04.6","15","--","--","01:34:24","01:36:47","28","72"
Course à pied sur piste,2025-11-20 17:19:40,false,"Libercourt - Fractionné long - novembre","10,010","660","01:02:00","141","180","3.3","159","233","6:12","3:55","17","23","1.03","8.6","8.8","264","--","295","0.0","268","443","9,862","'-13","Non","00:00:04.5","13","--","--","01:01:57","01:02:27","24","32"
Course à pied,2025-11-17 18:24:53,false,"Libercourt Course à pied","5.02","327","00:33:45","126","147","2.2","162","169","6:44","5:22","12","17","0.91","9.6","8.8","283","6:46","248","0.0","247","318","5,476","'-5","Non","00:00:05.1","6","--","--","00:33:44","00:33:45","19","36"
Course à pied,2025-11-16 12:30:32,false,"Libercourt Course à pied","10.02","655","01:09:00","131","142","2.8","165","176","6:53","6:06","60","56","0.88","9.7","8.5","281","6:53","244","0.0","243","304","11,348","'-20","Non","00:00:07.7","11","--","--","01:08:55","01:09:56","27","68"
Course à pied,2025-11-11 14:50:59,false,"Libercourt Course à pied","22.51","1,541","02:28:27","146","159","4.0","166","179","6:36","5:13","123","129","0.91","9.5","8.7","277","6:35","256","0.0","254","327","24,646","'-32","Non","00:03:30.3","23","--","--","02:28:23","02:30:13","24","63"
Course à pied,2025-11-09 13:45:21,false,"Libercourt Course à pied","10.02","658","01:10:11","134","145","2.8","167","174","7:00","5:58","55","60","0.86","9.7","8.3","279","7:01","240","0.0","238","296","11,682","'-6","Non","00:00:04.8","11","--","--","01:10:06","01:10:49","23","61"
Course à pied sur piste,2025-11-06 18:34:53,false,"Libercourt - Fractionné - 400m - Octobre","10,010","690","01:00:27","150","172","3.7","151","242","6:02","3:35","1","--","1.07","8.2","8.6","253","--","366","0.0","271","3,821","9,308","'-15","Non","00:01:00","35","--","--","01:00:00","01:00:27","25","30"
Course à pied,2025-11-05 12:13:39,false,"Libercourt Course à pied","4.61","319","00:32:24","134","146","2.2","164","170","7:02","5:44","19","17","0.87","9.8","8.5","283","7:00","244","0.0","242","311","5,310","'-5","Non","00:04:22.7","5","--","--","00:32:22","00:32:24","29","45"
Course à pied,2025-11-03 12:14:35,false,"Libercourt Course à pied","7.01","483","00:48:36","135","149","2.5","164","172","6:56","6:06","30","29","0.88","9.7","8.5","282","6:56","252","0.0","250","320","7,980","'-10","Non","00:00:04.8","8","--","--","00:48:34","00:48:50","30","47"
Course à pied,2025-11-01 15:56:33,false,"Libercourt - Entraînement course à pied","18.41","1,332","02:03:42","151","181","4.2","154","191","6:43","4:08","313","318","0.96","9.1","8.6","273","6:35","293","0.0","258","533","19,562","'-15","Non","00:00:01.7","26","--","--","02:03:14","02:03:42","20","54"
Course à pied sur piste,2025-10-30 18:19:37,false,"Libercourt - Fractionné - 30/30 - Octobre","5,000","350","00:29:41","150","184","3.1","149","220","5:56","2:58","--","--","1.08","8.2","8.4","251","--","301","0.0","265","572","4,534","'-8","Non","00:00:12.5","35","--","--","00:29:36","00:29:41","24","30"
Course à pied,2025-10-28 12:11:55,false,"Libercourt Course à pied","10.01","684","01:08:54","136","156","2.9","164","172","6:53","5:46","63","61","0.89","9.7","8.6","282","6:53","257","0.0","256","349","11,276","'-15","Non","00:00:03.7","11","--","--","01:08:53","01:09:32","29","68"
Course à pied,2025-10-26 15:14:41,false,"Libercourt - Entraînement course à pied","15.25","1,082","01:39:16","148","178","3.9","157","222","6:30","4:43","256","252","0.96","9.1","8.7","279","6:23","299","0.0","271","446","15,910","'-20","Non","00:00:01.3","25","--","--","01:38:56","01:40:07","27","60"
Course à pied sur piste,2025-10-24 18:17:30,false,"Libercourt - Fractionné - 400m - Octobre","10,010","700","00:59:40","152","177","3.6","149","184","5:58","3:16","1","--","1.10","8.2","8.8","258","--","311","0.0","272","526","9,128","'-17","Non","00:00:45.2","35","--","--","00:59:23","00:59:40","28","30"
Course à pied,2025-10-20 12:20:35,false,"Libercourt Course à pied","6.56","458","00:45:50","135","150","2.5","165","180","6:59","5:26","61","61","0.87","9.7","8.4","281","6:56","257","0.0","253","370","7,562","'-12","Non","00:03:48.0","7","--","--","00:45:48","00:46:32","24","58"
Course à pied,2025-10-18 13:31:57,false,"Libercourt Course à pied","14.53","981","01:40:26","137","152","3.2","164","246","6:55","5:21","73","70","0.88","9.7","8.5","282","6:55","251","0.0","250","389","16,454","'-14","Non","00:03:35.6","15","--","--","01:40:20","01:42:29","30","68"
Course à pied sur piste,2025-10-16 18:04:44,false,"Libercourt - Fractionné - 400m - Octobre","10,000","688","00:59:32","151","177","3.9","150","225","5:57","3:46","1","--","1.09","8.2","8.7","253","--","317","0.0","274","474","9,098","'-14","Non","00:01:00","35","--","--","00:59:15","00:59:32","26","30"
Course à pied,2025-10-14 18:46:18,false,"Libercourt Course à pied","5.50","392","00:36:29","143","155","2.8","161","174","6:38","5:39","11","15","0.94","9.6","8.9","284","6:38","261","0.0","258","330","5,880","'-8","Non","00:03:06.0","6","--","--","00:36:27","00:36:29","26","40"
Course à pied,2025-10-12 16:41:47,false,"Libercourt Course à pied","18.25","1,306","01:58:03","157","186","4.7","157","236","6:28","2:48","312","315","0.97","9.0","8.7","274","6:21","299","0.0","268","627","18,708","'-26","Non","00:01:27.5","19","--","--","01:57:50","01:58:03","25","59"
Course à pied,2025-10-10 12:46:28,false,"Libercourt Course à pied","10.01","675","01:09:32","134","145","2.9","163","229","6:57","5:42","56","54","0.88","9.7","8.6","283","6:56","246","0.0","245","305","11,338","'-15","Non","00:00:04.4","11","--","--","01:09:29","01:20:30","31","71"
Course à pied,2025-10-06 18:18:20,false,"Libercourt Course à pied","4.67","324","00:31:20","140","162","2.4","162","172","6:43","4:14","13","16","0.91","9.6","8.8","284","6:46","255","0.0","255","457","5,076","'-6","Non","00:04:07.4","5","--","--","00:31:18","00:31:20","24","38"
Course à pied,2025-10-05 15:55:55,false,"Libercourt Course à pied","10.01","730","00:59:11","161","184","4.1","166","179","5:55","4:42","56","61","1.02","9.0","9.1","270","5:54","299","0.0","294","384","9,786","'-14","Non","00:00:03.4","11","--","--","00:59:08","00:59:11","21","61"
Course à pied,2025-10-03 12:11:23,false,"Libercourt Course à pied","4.17","280","00:27:55","132","146","2.2","164","174","6:42","4:49","13","17","0.91","9.6","8.7","280","6:45","258","0.0","257","388","4,564","'-6","Non","00:01:02.8","5","--","--","00:27:49","00:28:11","25","41"
Course à pied,2025-09-28 07:59:59,false,"Raismes Course à pied","25.41","1,963","02:56:35","161","181","5.0","152","236","6:57","3:37","347","344","0.94","9.2","8.6","277","6:42","263","0.0","246","636","27,320","'-40","Non","00:02:19.2","26","--","--","02:49:28","02:56:35","19","93"
Course à pied,2025-09-26 18:39:37,false,"Libercourt Course à pied","7.51","551","00:50:12","146","186","3.3","164","190","6:41","3:21","91","96","0.92","9.4","8.7","279","6:30","271","0.0","263","554","8,268","'-12","Non","00:03:19.6","8","--","--","00:50:08","00:51:07","21","56"
Course à pied,2025-09-23 12:14:53,false,"Libercourt Course à pied","7.51","542","00:52:03","142","179","3.0","164","240","6:56","5:41","99","99","0.88","9.7","8.5","282","6:48","258","0.0","251","421","8,546","'-14","Non","00:03:29.4","8","--","--","00:51:48","00:52:13","22","60"
Course à pied,2025-09-21 11:37:30,false,"Anstaing Course à pied","7.51","513","00:50:33","138","147","2.8","165","233","6:44","4:49","8","15","0.90","9.5","8.6","278","6:46","254","0.0","254","360","8,352","'-10","Non","00:03:30.9","8","--","--","00:50:27","00:51:20","20","32"
Course à pied,2025-09-18 12:12:51,false,"Libercourt Course à pied","10.96","771","01:10:54","152","182","3.6","160","231","6:28","5:08","170","173","0.96","9.1","8.7","273","6:23","290","0.0","266","417","11,434","'-18","Non","00:05:56.3","11","--","--","01:10:52","01:10:54","24","59"
Course à pied,2025-09-16 12:29:46,false,"Libercourt Course à pied","5.51","390","00:37:25","143","159","2.6","163","174","6:47","5:57","23","24","0.90","9.6","8.7","282","6:48","254","0.0","253","299","6,092","'-9","Non","00:03:18.9","6","--","--","00:37:21","00:37:36","27","40"
Course à pied,2025-09-13 10:45:12,false,"Libercourt Course à pied","14.01","1,035","01:33:49","154","188","4.3","157","240","6:42","3:53","238","236","0.94","9.1","8.6","273","6:34","293","0.0","263","579","15,052","'-20","Non","00:00:02.4","15","--","--","01:33:07","01:39:11","24","59"
Course à pied,2025-09-11 12:21:00,false,"Libercourt Course à pied","5.03","349","00:34:45","136","151","2.5","162","174","6:55","5:38","23","23","0.89","9.7","8.6","285","6:55","253","0.0","251","317","5,642","'-5","Non","00:00:11.4","6","--","--","00:34:44","00:34:45","28","42"
Course à pied,2025-09-09 12:24:56,false,"Libercourt - Seuil","6.92","488","00:38:03","164","187","4.0","160","173","5:30","4:29","35","35","1.13","8.6","9.6","264","5:29","322","0.0","306","427","6,132","'-9","Non","00:00:03.0","10","--","--","00:37:50","00:38:03","29","61"
Course à pied,2025-09-07 12:31:56,false,"Libercourt Course à pied","10.63","739","01:10:45","144","163","3.3","164","172","6:40","5:35","57","54","0.92","9.5","8.7","280","6:39","256","0.0","255","330","11,544","'-14","Non","00:04:08.2","11","--","--","01:10:39","01:19:47","31","68"
Course à pied,2025-09-04 13:19:17,false,"Libercourt Course à pied","1.01","76","00:06:14.2","163","172","2.1","162","170","6:10","4:08","5","8","0.99","9.1","9.0","273","6:09","277","0.0","271","449","1,022","'-2","Non","00:00:02.9","2","--","--","00:06:13.3","00:06:14.2","25","33"
Course à pied,2025-09-04 12:15:05,false,"Libercourt Course à pied","10.01","729","01:02:42","155","192","3.8","158","179","6:16","4:20","165","164","1.00","9.0","9.0","277","6:09","300","0.0","277","486","10,086","'-14","Non","00:00:04.8","11","--","--","01:02:31","01:03:00","25","58"
Course à pied,2025-09-02 12:14:22,false,"Libercourt Course à pied","5.65","405","00:37:59","143","156","2.8","159","169","6:43","5:57","21","21","0.92","9.6","8.9","285","6:43","258","0.0","256","335","6,118","'-8","Non","00:04:10.3","6","--","--","00:37:56","00:38:13","29","43"
Course à pied,2025-08-31 15:48:30,false,"Libercourt Course à pied","16.01","1,082","01:47:34","138","150","3.5","163","224","6:43","5:07","75","73","0.91","9.6","8.7","281","6:44","252","0.0","251","350","17,600","'-15","Non","00:00:03.5","17","--","--","01:47:21","01:52:47","29","67"
Course à pied,2025-08-28 12:01:06,false,"Libercourt - Fractionné - 400m - Mai","5.01","359","00:31:58","149","180","3.1","144","172","6:23","4:08","14","16","1.04","8.7","8.8","268","6:24","294","0.0","253","462","4,872","'-7","Non","00:00:02.0","15","--","--","00:31:49","00:32:56","28","41"
Course à pied,2025-08-26 19:29:52,false,"Libercourt Course à pied","5.02","341","00:27:00","163","195","3.7","161","191","5:23","2:52","13","13","1.12","8.7","9.5","265","5:27","321","0.0","306","556","4,414","'-7","Non","00:00:03.3","6","--","--","00:26:56","00:31:40","26","41"
Course à pied,2025-08-23 16:03:28,false,"Libercourt Course à pied","12.25","849","01:22:29","139","177","3.4","162","247","6:44","4:19","102","102","0.90","9.5","8.6","279","6:39","261","0.0","255","414","13,624","'-13","Non","00:01:40.0","13","--","--","01:22:16","01:26:21","23","58"
Course à pied,2025-08-22 16:51:14,false,"Villeneuve-d'Ascq Course à pied","5.20","352","00:36:11","134","148","2.4","162","212","6:57","5:57","4","11","0.88","9.8","8.6","285","7:00","244","0.0","243","296","5,860","'-7","Non","00:01:20.3","6","--","--","00:36:09","00:36:11","20","31"
Course à pied,2025-08-19 11:19:42,false,"Libercourt - Fractionné - 400m - Mai","5.01","358","00:32:37","150","183","3.1","145","237","6:30","3:52","22","24","1.03","8.8","8.7","268","6:29","292","0.0","249","461","4,922","'-9","Non","00:00:05.3","15","--","--","00:32:34","00:32:37","29","44"
Course à pied,2025-08-17 12:04:09,false,"Libercourt Course à pied","4.93","335","00:34:27","131","148","2.4","161","167","6:59","5:11","18","18","0.89","9.8","8.7","287","6:59","250","0.0","246","405","5,556","'-9","Non","00:06:23.8","5","--","--","00:34:24","00:34:52","30","42"
Course à pied,2025-08-11 20:49:07,false,"Lesquin Course à pied","5.01","339","00:36:31","134","144","2.3","163","188","7:17","6:13","4","5","0.84","10.0","8.4","286","7:19","236","0.0","234","293","5,938","'-5","Non","00:00:03.2","6","--","--","00:36:29","00:36:31","55","59"
Course à pied,2025-08-09 14:12:22,false,"Villeneuve-d'Ascq Course à pied","15.07","1,085","01:39:48","157","177","4.0","164","190","6:37","3:12","39","35","0.92","9.5","8.7","279","6:37","255","0.0","254","490","16,384","'-21","Non","00:00:13.4","16","--","--","01:39:42","01:42:38","19","38"
Course à pied,2025-08-07 19:22:46,false,"Lesquin Course à pied","7.51","523","00:54:03","144","164","2.7","164","174","7:12","6:23","31","32","0.85","9.9","8.4","286","7:12","238","0.0","237","276","8,820","'-9","Non","00:03:45.0","8","--","--","00:54:01","00:54:03","33","54"
Course à pied,2025-08-05 17:22:46,false,"Lesquin - Fractionné - 400m - Mai","5.01","354","00:31:48","152","184","3.1","150","174","6:21","4:08","17","21","1.02","8.8","8.8","270","6:21","300","0.0","262","460","4,822","'-9","Non","00:00:02.5","15","--","--","00:31:43","00:31:48","40","56"
Course à pied,2025-08-02 16:13:18,false,"Cugny Course à pied","8.70","627","00:56:19","150","188","3.4","159","180","6:28","2:22","49","48","0.96","9.4","9.1","283","6:28","274","0.0","269","598","9,004","'-8","Non","00:04:44.3","9","--","--","00:56:00","01:03:25","63","89"
Course à pied,2025-07-30 12:37:46,false,"Faches-Thumesnil Course à pied","6.50","463","00:44:29","147","171","3.0","162","172","6:50","5:23","32","29","0.90","9.7","8.7","284","6:51","250","0.0","249","336","7,228","'-13","Non","00:03:17.8","7","--","--","00:44:27","00:47:19","35","58"
Course à pied,2025-07-28 18:33:04,false,"Lesquin Course à pied","5.01","352","00:34:51","143","161","2.5","163","172","6:57","5:22","19","20","0.88","9.8","8.6","285","6:58","248","0.0","247","327","5,656","'-8","Non","00:00:04.3","6","--","--","00:34:49","00:34:51","48","59"
Course à pied,2025-07-26 16:57:42,false,"Lesquin Course à pied","5.01","368","00:33:27","152","168","3.0","163","174","6:40","3:55","14","17","0.91","9.5","8.7","281","6:41","259","0.0","257","508","5,466","'-10","Non","00:00:05.0","6","--","--","00:33:23","00:33:27","44","59"
Course à pied,2025-07-19 17:59:13,false,"Lesquin Course à pied","1.93","136","00:12:34","142","160","3.6","161","172","6:31","5:42","2","15","0.94","9.4","8.9","279","6:35","254","0.0","249","316","2,050","'-3","Non","00:06:25.7","2","--","--","00:12:25","00:13:11","42","56"
Course à pied,2025-07-16 12:17:07,false,"Lesquin Course à pied","5.01","345","00:34:34","138","151","2.5","163","174","6:54","6:20","17","18","0.89","9.7","8.6","284","6:55","252","0.0","250","310","5,616","'-9","Non","00:00:04.5","6","--","--","00:34:33","00:34:34","42","57"
Course à pied,2025-07-10 17:22:49,false,"Lesquin Course à pied","5.02","366","00:34:33","153","171","2.8","163","170","6:53","6:20","17","20","0.89","9.7","8.6","284","6:55","249","0.0","247","308","5,624","'-9","Non","00:00:06.9","6","--","--","00:34:29","00:34:33","41","57"
Course à pied,2025-07-04 18:17:11,false,"Lesquin - 1 - Prepa trail des terrils","1.34","93","00:09:34.9","137","148","1.4","161","165","7:10","6:17","1","1","0.87","9.9","8.6","289","7:14","237","0.0","235","280","1,538","--","Non","00:02:24.9","2","--","--","00:09:34","00:09:34.9","53","56"
Course à pied,2025-06-20 22:43:10,false,"Lesquin Course à pied","7.02","497","00:47:29","147","161","2.9","165","231","6:46","5:37","33","33","0.89","9.6","8.6","280","6:46","254","0.0","252","312","7,832","'-8","Non","00:00:07.5","8","--","--","00:47:27","00:47:29","35","58"
Course à pied,2025-06-18 13:00:33,false,"Lesquin Course à pied","6.71","493","00:43:31","157","182","3.2","165","176","6:29","5:30","28","26","0.93","9.4","8.8","277","6:30","263","0.0","261","363","7,172","'-14","Non","00:04:04.8","7","--","--","00:43:28","00:43:31","36","58"
Course à pied,2025-06-15 15:36:29,false,"Lesquin Course à pied","20.05","1,391","02:15:25","149","168","3.8","165","174","6:45","5:44","101","103","0.90","9.6","8.6","279","6:45","257","0.0","255","333","22,306","'-20","Non","00:00:20.9","21","--","--","02:15:19","02:18:09","34","61"
Course à pied,2025-06-11 17:42:35,false,"Lesquin - Fractionné - 250m - Juin","5.42","399","00:33:09","161","189","3.3","153","191","6:07","3:20","7","9","1.04","8.7","8.7","263","6:06","309","0.0","269","551","5,206","'-8","Non","00:00:01.3","25","--","--","00:32:55","00:33:58","54","59"
Course à pied,2025-06-10 18:22:43,false,"Lesquin Course à pied","5.01","356","00:33:01","143","154","2.7","163","172","6:35","4:55","17","17","0.93","9.5","8.8","281","6:35","262","0.0","260","346","5,374","'-8","Non","00:00:03.1","6","--","--","00:32:57","00:33:01","46","57"
Course à pied,2025-06-08 21:08:21,false,"Lesquin Course à pied","10.01","702","01:06:38","144","171","3.1","164","179","6:39","4:25","41","43","0.91","9.5","8.7","280","6:40","258","0.0","257","359","10,890","'-14","Non","00:00:04.2","11","--","--","01:06:34","01:06:53","34","57"
Course à pied,2025-06-06 12:44:53,false,"Lesquin Course à pied","5.02","356","00:33:43","141","154","2.6","166","179","6:43","5:55","19","19","0.90","9.5","8.5","278","6:45","408","0.0","275","1,678","5,586","'-7","Non","00:00:05.8","6","--","--","00:33:38","00:33:58","44","58"
Course à pied,2025-06-05 12:23:48,false,"Lesquin - Fractionné - 250m - Juin","5.02","356","00:29:23","158","192","3.3","153","214","5:51","3:34","26","27","1.10","8.4","8.6","254","5:49","327","0.0","285","542","4,572","'-11","Non","00:00:29.8","23","--","--","00:29:17","00:29:48","39","55"
Course à pied,2025-06-03 18:09:04,false,"Lesquin Course à pied","6.51","463","00:43:52","146","158","2.8","163","169","6:45","5:55","23","22","0.91","9.6","8.7","282","6:44","252","0.0","251","321","7,134","'-8","Non","00:03:22.2","7","--","--","00:43:50","00:43:52","40","56"
Course à pied,2025-06-01 15:23:33,false,"Lesquin Course à pied","16.05","1,146","01:44:15","150","172","3.9","166","176","6:30","5:49","79","81","0.93","9.4","8.7","276","6:30","281","0.0","269","988","17,278","'-25","Non","00:00:19.9","17","--","--","01:44:07","01:49:37","31","56"
Course à pied,2025-05-30 13:08:31,false,"Lesquin - Fractionné - 400m - Mai","5.01","361","00:31:47","152","185","3.1","153","176","6:21","4:12","24","24","1.01","8.6","8.6","266","6:18","296","0.0","260","456","4,890","'-9","Non","00:00:03.8","15","--","--","00:31:44","00:31:47","43","60"
Course à pied,2025-05-29 16:26:50,false,"Lesquin Course à pied","10.02","696","01:04:10","146","164","3.2","165","172","6:24","4:54","49","46","0.95","9.4","8.8","277","6:24","266","0.0","265","368","10,534","'-19","Non","00:00:05.6","11","--","--","01:04:06","01:04:30","34","58"
Course à pied,2025-05-23 17:07:10,false,"Saint-Rémy-de-Provence Course à pied","5.16","398","00:32:33","160","190","3.3","164","194","6:19","3:18","149","143","0.95","9.3","8.8","276","6:02","307","0.0","293","531","5,354","'-7","Non","00:00:35.3","6","--","--","00:32:28","00:34:20","79","163"
Course à pied,2025-05-22 10:01:32,false,"Saint-Rémy-de-Provence Course à pied","5.62","481","00:45:51","151","176","3.1","139","214","8:09","2:52","198","199","0.86","9.6","7.8","288","7:37","259","0.0","218","550","6,670","'-11","Non","00:02:51.4","6","--","--","00:45:20","00:45:51","81","186"
Course à pied,2025-05-20 10:58:59,false,"Saint-Rémy-de-Provence Course à pied","8.11","671","00:58:39","157","185","3.8","145","240","7:14","4:16","276","275","0.95","9.2","8.3","277","6:41","285","0.0","252","474","8,712","'-13","Non","00:00:26.9","9","--","--","00:56:43","01:06:06","82","317"
Course à pied,2025-05-18 10:48:25,false,"Saint-Rémy-de-Provence Course à pied","5.34","426","00:34:27","163","181","3.5","165","187","6:27","3:29","140","140","0.93","9.4","8.7","276","6:10","289","0.0","280","461","5,700","'-7","Non","00:01:36.6","6","--","--","00:34:22","00:35:48","79","162"
Course à pied,2025-05-16 11:58:16,false,"Lesquin Course à pied","10.01","717","01:08:28","149","181","3.2","166","186","6:51","4:35","44","44","0.88","9.6","8.4","279","6:51","255","0.0","252","403","11,346","'-17","Non","00:00:01.5","11","--","--","01:08:21","01:08:41","37","62"
Course à pied,2025-05-14 17:38:50,false,"Lesquin - Fractionné - 400m - Mai","5.01","364","00:32:20","151","181","3.1","149","176","6:27","4:15","21","20","1.02","8.6","8.6","267","6:23","292","0.0","255","423","4,928","'-7","Non","00:00:02.9","15","--","--","00:32:15","00:32:20","39","58"
Course à pied,2025-05-12 18:37:51,false,"Lesquin Course à pied","6.00","427","00:40:57","145","160","2.8","164","172","6:49","6:07","13","15","0.89","9.6","8.6","281","6:50","249","0.0","248","309","6,710","'-9","Non","00:00:01.7","7","--","--","00:40:54","00:40:57","45","57"
Course à pied,2025-05-10 16:31:45,false,"Faumont Course à pied","11.51","820","01:19:31","149","165","3.3","167","176","6:54","5:49","59","50","0.87","9.6","8.4","279","6:54","254","0.0","253","456","13,224","'-18","Non","00:03:24.6","12","--","--","01:19:27","01:22:26","32","65"
Course à pied,2025-05-08 17:09:54,false,"Templemars Course à pied","4.01","294","00:29:25","150","162","2.3","169","176","7:20","6:34","25","11","0.80","9.8","7.9","278","7:18","254","0.0","252","316","4,976","'-5","Non","00:00:04.3","5","--","--","00:29:23","00:29:25","34","56"
Course à pied,2025-05-08 16:35:12,false,"Lesquin Course à pied","5.01","348","00:26:53","166","196","3.6","167","183","5:22","3:55","11","27","1.11","8.5","9.4","261","5:25","308","0.0","302","452","4,474","'-11","Non","00:00:01.7","6","--","--","00:26:52","00:26:53","30","56"
Course à pied,2025-05-06 18:19:01,false,"Lesquin - Fractionné - 400m - Mai","5.01","361","00:32:10","151","182","3.1","152","186","6:25","3:43","19","23","1.01","8.7","8.5","266","6:25","285","0.0","251","458","4,968","'-5","Non","00:00:02.7","15","--","--","00:32:05","00:32:10","37","56"
Course à pied,2025-05-05 18:25:32,false,"Lesquin Course à pied","6.01","420","00:41:38","140","152","2.6","166","179","6:56","5:29","15","16","0.87","9.6","8.4","280","6:56","244","0.0","243","303","6,882","'-5","Non","00:00:03.2","7","--","--","00:41:35","00:41:38","43","55"
Course à pied,2025-05-02 12:57:41,false,"Lesquin - Fractionné - 400m - Mai","5.01","362","00:32:20","152","184","3.1","153","179","6:27","4:12","17","14","0.99","8.6","8.4","263","6:25","285","0.0","250","423","5,012","'-6","Non","00:00:01.9","15","--","--","00:32:14","00:32:20","42","58"
Course à pied,2025-04-30 11:58:42,false,"Lesquin Course à pied","7.70","573","00:52:26","156","173","3.2","166","176","6:49","4:54","36","34","0.89","9.6","8.5","279","6:48","250","0.0","248","365","8,684","'-11","Non","00:04:48.1","8","--","--","00:52:18","00:52:26","35","58"
Course à pied,2025-04-27 13:46:13,false,"Lesquin Course à pied","16.01","1,143","01:50:11","153","186","3.7","167","177","6:53","4:12","66","66","0.87","9.6","8.3","277","6:54","249","0.0","246","419","18,408","--","Non","00:00:02.3","17","--","--","01:50:01","01:52:28","33","56"
Course à pied,2025-04-25 12:32:07,false,"Lesquin - Fractionné - 400m - 07/04","5.01","363","00:32:43","152","187","3.2","153","179","6:32","4:09","15","14","0.98","8.8","8.4","267","6:32","283","0.0","249","429","5,076","'-8","Non","00:00:02.7","15","--","--","00:32:37","00:32:43","43","58"
Course à pied,2025-04-23 18:22:24,false,"Lesquin Course à pied","5.01","347","00:35:59","141","160","2.4","165","174","7:11","4:59","16","14","0.84","9.9","8.3","283","7:11","236","0.0","235","350","5,932","'-4","Non","00:00:01.7","6","--","--","00:35:56","00:35:59","45","59"
Course à pied,2025-04-20 16:55:41,false,"Genech Course à pied","10.01","722","00:58:48","157","188","4.8","170","186","5:52","4:09","41","47","1.00","8.8","8.8","264","5:53","289","0.0","285","363","9,948","'-13","Non","00:00:03.2","11","--","--","00:58:45","00:58:48","29","56"
Course à pied,2025-04-17 12:19:01,false,"Lesquin - Fractionné - 400m - 07/04","5.01","365","00:32:34","154","190","3.4","152","226","6:30","4:22","16","20","0.99","8.8","8.5","270","6:28","282","0.0","251","437","5,014","'-8","Non","00:00:04.2","15","--","--","00:32:18","00:32:34","39","56"
Course à pied,2025-04-15 17:52:55,false,"Lesquin Course à pied","6.51","483","00:44:13","155","172","3.2","165","177","6:47","5:41","22","26","0.89","9.6","8.5","279","6:48","253","0.0","251","349","7,290","'-9","Non","00:03:23.9","7","--","--","00:44:03","00:44:13","36","56"
Course à pied,2025-04-13 11:21:04,false,"Lesquin Course à pied","16.09","1,094","01:59:09","144","157","3.4","166","179","7:24","5:25","80","85","0.81","10.0","8.1","283","7:24","230","0.0","229","322","19,762","'-17","Non","00:00:40.3","17","--","--","01:58:58","01:59:09","32","57"
Course à pied,2025-04-11 12:16:11,false,"Lesquin Course à pied","5.02","351","00:31:21","150","187","3.2","164","174","6:15","4:02","17","18","0.97","9.3","8.9","276","6:16","277","0.0","270","439","5,136","'-8","Non","00:00:03.6","6","--","--","00:31:19","00:31:37","39","56"
Course à pied,2025-04-07 18:07:35,false,"Lesquin - Fractionné - 400m - 07/04","5.01","363","00:32:32","154","187","3.4","157","241","6:30","4:06","15","18","0.98","8.7","8.4","266","6:27","283","0.0","254","429","5,072","'-8","Non","00:00:03.3","15","--","--","00:32:17","00:32:32","37","54"
Course à pied,2025-04-05 15:43:19,false,"Lesquin Course à pied","10.00","711","01:12:59","152","177","3.3","165","188","7:18","4:38","43","48","0.83","9.9","8.2","284","7:19","241","0.0","238","434","12,030","'-13","Non","00:00:01.1","11","--","--","01:12:51","01:14:34","30","54"
Course à pied,2025-04-03 12:00:01,false,"Lesquin Course à pied","5.01","369","00:31:57","159","191","3.6","152","231","6:23","4:15","18","17","1.00","8.7","8.6","269","6:21","283","0.0","253","412","4,934","'-10","Non","00:00:03.5","6","--","--","00:31:55","00:31:57","41","58"
Course à pied,2025-04-01 18:22:15,false,"Lesquin - Seuil","5.01","337","00:26:40","170","194","3.9","165","180","5:19","4:10","19","24","1.13","8.5","9.6","263","5:21","327","0.0","323","478","4,394","'-8","Non","00:01:40.5","6","--","--","00:26:37","00:33:34","42","57"
Course à pied,2025-03-26 12:17:08,false,"Lesquin Course à pied","15.02","1,041","01:49:02","151","187","3.8","165","186","7:16","4:46","59","59","0.83","9.9","8.2","283","7:16","235","0.0","232","370","17,974","'-20","Non","00:00:05.0","16","--","--","01:48:25","01:50:59","37","64"
Course à pied,2025-03-20 12:30:30,false,"Lesquin Course à pied","5.01","352","00:35:17","152","180","3.0","164","171","7:03","5:32","14","17","0.86","9.8","8.5","283","7:05","244","0.0","242","310","5,766","'-7","Non","00:00:02.0","6","--","--","00:35:14","00:35:17","41","57"
Course à pied,2025-03-19 17:55:30,false,"Lesquin Course à pied","5.01","350","00:35:52","149","185","2.9","164","177","7:10","4:29","16","18","0.85","9.9","8.4","284","7:11","239","0.0","236","405","5,872","'-6","Non","00:00:01.4","6","--","--","00:35:46","00:35:56","40","55"
Course à pied,2025-03-07 12:10:50,false,"Lesquin Course à pied","5.02","353","00:32:56","154","189","3.3","165","177","6:34","4:12","19","19","0.92","9.5","8.7","277","6:35","268","0.0","263","400","5,432","'-9","Non","00:00:04.1","6","--","--","00:32:54","00:33:03","44","58"
Course à pied,2025-03-04 17:58:16,false,"Lesquin Course à pied","5.01","350","00:32:21","152","193","3.2","165","181","6:28","3:41","14","15","0.93","9.4","8.7","276","6:29","269","0.0","260","459","5,328","'-6","Non","00:00:03.9","6","--","--","00:32:20","00:32:21","42","54"
Course à pied,2025-02-28 17:41:40,false,"Lesquin Course à pied","4.31","299","00:27:10","153","163","2.9","166","176","6:19","4:23","4","7","0.96","9.3","8.8","275","6:21","272","0.0","269","382","4,486","'-6","Non","00:01:57.4","5","--","--","00:27:06","00:27:10","52","55"
Course à pied,2025-02-28 17:20:38,false,"Lesquin Course à pied","1.67","114","00:14:11","138","156","1.3","161","179","8:30","6:57","1","3","0.72","10.6","7.6","295","8:37","200","0.0","197","249","2,306","'-2","Non","00:05:44.7","2","--","--","00:14:07","00:16:37","53","56"
Course à pied,2025-02-27 17:26:37,false,"Lesquin Course à pied","5.02","361","00:33:26","155","179","3.1","164","244","6:40","4:44","18","20","0.91","9.5","8.7","280","6:39","262","0.0","258","357","5,458","'-7","Non","00:00:05.4","6","--","--","00:33:25","00:33:26","37","54"
Course à pied,2025-02-26 12:00:21,false,"Lesquin Course à pied","12.51","870","01:26:46","150","179","3.5","164","176","6:56","5:08","54","53","0.88","9.6","8.4","280","6:56","256","0.0","250","369","14,176","'-17","Non","00:03:08.6","13","--","--","01:26:43","01:26:50","35","60"
Course à pied,2025-02-24 17:50:13,false,"Lesquin Course à pied","7.51","525","00:53:06","153","164","3.0","165","177","7:04","4:43","15","22","0.86","9.8","8.4","282","7:05","240","0.0","238","373","8,732","'-8","Non","00:03:33.5","8","--","--","00:53:04","00:53:06","38","54"
Course à pied,2025-02-23 15:56:31,false,"Lesquin Course à pied","11.31","807","01:17:56","156","171","3.7","164","181","6:54","5:01","37","40","0.88","9.7","8.5","281","6:54","255","0.0","251","418","12,780","'-16","Non","00:01:59.5","12","--","--","01:17:35","01:17:58","35","57"
Course à pied,2025-02-16 16:46:58,false,"Lesquin Course à pied","10.01","707","01:07:11","152","176","3.6","166","172","6:43","5:20","39","45","0.90","9.5","8.6","278","6:43","260","0.0","256","341","11,098","'-12","Non","00:00:02.9","11","--","--","01:07:08","01:07:15","31","56"
Course à pied,2025-02-16 16:38:39,false,"Ronchin Course à pied","0.41","15","00:01:31.4","141","169","0.8","171","190","3:44","3:20","--","1","1.47","6.6","9.6","209","3:56","444","0.0","419","489","268","--","Non","00:01:31.4","1","--","--","00:01:29","00:01:31.4","51","53"
Course à pied,2025-02-16 16:17:45,false,"Lesquin Course à pied","2.07","141","00:16:06","144","157","1.7","170","240","7:47","6:26","2","4","0.75","10.1","7.5","279","7:52","217","0.0","216","289","2,728","'-2","Non","00:00:30.8","3","--","--","00:16:04","00:18:27","52","55"
Course à pied,2025-02-12 17:41:23,false,"Lesquin Course à pied","5.02","343","00:34:02","148","179","3.0","165","205","6:47","2:49","16","18","0.89","9.6","8.5","280","6:50","253","0.0","247","563","5,600","'-5","Non","00:00:02.1","6","--","--","00:34:00","00:34:02","41","56"
Course à pied,2025-02-12 17:14:21,false,"Lesquin Course à pied","2.01","136","00:16:12","138","153","1.7","169","183","8:04","6:33","1","1","0.72","10.3","7.4","282","8:08","205","0.0","205","262","2,750","'-2","Non","00:00:03.9","3","--","--","00:16:12","00:19:48","55","57"
Course à pied,2025-02-09 16:27:14,false,"Lesquin Course à pied","11.02","730","01:19:58","140","188","3.2","167","186","7:16","3:27","49","51","0.82","9.9","8.1","280","7:17","240","0.0","234","465","13,358","'-11","Non","00:00:04.0","12","--","--","01:19:54","01:20:21","33","56"
Course à pied,2025-02-09 15:58:51,false,"Lesquin Course à pied","2.00","132","00:17:21","127","145","1.4","165","176","8:39","6:24","--","2","0.70","10.7","7.5","292","8:39","198","0.0","196","292","2,868","'-2","Non","00:00:01.9","3","--","--","00:17:13","00:21:24","55","56"
Course à pied,2025-02-07 16:48:47,false,"Lesquin Course à pied","6.01","404","00:39:35","155","188","3.5","162","176","6:35","4:11","16","16","0.93","9.6","8.6","282","6:34","289","0.0","263","442","6,428","'-8","Non","00:00:02.9","7","--","--","00:39:30","00:39:35","45","55"
Course à pied,2025-02-05 11:55:46,false,"Lesquin Course à pied","10.01","712","01:03:50","161","193","4.4","166","179","6:23","4:31","39","42","0.94","9.3","8.7","274","6:24","268","0.0","264","373","10,596","'-17","Non","00:00:03.3","11","--","--","01:03:46","01:04:16","32","55"
Course à pied,2025-02-03 18:06:31,false,"Lesquin - Seuil","5.00","347","00:28:44","165","190","3.8","164","171","5:45","4:47","1","4","1.06","8.8","9.3","269","5:46","294","0.0","291","367","4,704","'-8","Non","00:00:01.5","11","--","--","00:28:41","00:28:44","52","56"
Course à pied,2025-02-01 16:20:12,false,"Fretin Course à pied","5.12","342","00:37:47","144","174","2.6","159","172","7:23","4:33","6","2","0.84","10.1","8.4","292","7:25","236","0.0","227","380","6,008","'-6","Non","00:00:34.3","6","--","--","00:37:45","00:37:47","25","30"
Course à pied,2025-01-29 17:38:50,false,"Lesquin Course à pied","8.60","586","01:03:38","151","183","3.0","164","174","7:24","4:38","20","17","0.82","10.0","8.2","286","7:25","235","0.0","231","395","10,402","'-9","Non","00:03:10.7","9","--","--","01:03:36","01:03:38","40","55"
Course à pied,2025-01-26 11:10:50,false,"Villeneuve-d'Ascq Course à pied","21.10","1,514","02:18:46","164","187","5.0","165","174","6:35","5:45","44","42","0.92","9.4","8.7","277","6:35","262","0.0","261","358","22,882","'-37","Non","00:00:34.5","22","--","--","02:18:30","02:18:46","13","25"
Course à pied,2025-01-22 12:47:47,false,"Lesquin Course à pied","5.21","356","00:37:56","150","193","3.1","157","172","7:17","4:28","14","19","0.86","9.8","8.4","288","7:19","247","0.0","232","420","6,008","'-7","Non","00:00:57.4","6","--","--","00:37:43","00:37:56","38","55"
Course à pied,2025-01-20 12:05:55,false,"Lesquin Course à pied","6.58","439","00:50:26","143","155","2.7","162","168","7:40","6:02","16","17","0.81","10.2","8.2","292","7:41","223","0.0","222","295","8,120","'-9","Non","00:04:24.2","7","--","--","00:50:24","00:50:26","39","54"
Course à pied,2025-01-18 14:54:37,false,"Lesquin Course à pied","2.19","148","00:16:16","142","155","2.1","161","167","7:26","4:53","2","15","0.85","10.0","8.4","288","7:14","233","0.0","226","380","2,624","'-2","Non","00:01:21.1","3","--","--","00:16:03","00:16:16","42","58"
Course à pied,2025-01-11 15:47:54,false,"Lesquin Course à pied","5.00","356","00:34:28","150","173","3.0","162","170","6:54","5:51","18","22","0.89","9.7","8.7","285","6:55","248","0.0","246","313","5,572","'-6","Non","00:06:27.7","5","--","--","00:34:26","00:34:30","40","54"
Course à pied,2025-01-07 11:36:07,false,"Ronchin Course à pied","4.70","352","00:31:40","158","182","3.1","160","169","6:45","5:16","24","22","0.92","9.6","8.8","284","6:45","259","0.0","255","339","5,092","'-8","Non","00:00:40.9","4","--","--","00:31:29","00:31:42","41","57"
Course à pied,2025-01-04 16:46:24,false,"Faches-Thumesnil Course à pied","5.93","551","00:38:37","157","188","4.1","161","170","6:31","5:39","27","27","0.95","9.3","8.8","286","6:31","292","0.0","289","344","6,264","'-9","Non","00:06:52.1","4","--","--","00:38:35","00:38:46","41","56"
