Type d'activité,Date,Favori,Titre,Distance,Calories,Durée,Fréquence cardiaque moyenne,Fréquence cardiaque maximale,Cadence de course moyenne,Cadence de course maximale,Allure moyenne,Meilleure allure,Ascension totale,Descente totale,Longueur moyenne des foulées,Cadence de course moyenne,Cadence de course maximale,Training Stress Score® (TSS®),Pas,Consommation du Body Battery,Décompression,Temps du meilleur circuit,Nombre de tours,Temps de déplacement,Temps écoulé,Altitude minimale,Altitude maximale
Course à pied,2026-07-26 11:31:00,false,"Camphin-en-Pévèle Autre","14.78","--","01:33:02","138","166","--","--","6:18","4:35","52","51","--","72","93","0.0","--","--","Non","01:53:02","1","01:34:11","01:53:02","35","57"
Course à pied,2026-07-24 12:11:59,false,"Camphin-en-Pévèle Course à pied","7.67","388","00:54:43","134","146","168","177","7:08","5:55","13","13","0.83","--","--","0.0","9,206","'-8","Non","00:04:54.1","8","00:54:37","00:54:48","47","57"
Course à pied,2026-07-22 17:51:41,false,"Libercourt - 3x6min","8.32","439","00:50:11","154","181","174","190","6:02","3:57","44","43","0.95","--","--","0.0","8,708","'-12","Non","00:00:18.5","14","00:50:07","00:51:30","27","45"
Course à pied,2026-07-20 18:00:44,false,"Camphin-en-Pévèle Course à pied","7.35","372","00:51:45","134","150","169","179","7:02","5:45","15","15","0.84","--","--","0.0","8,744","'-8","Non","00:02:23.5","8","00:51:43","00:51:45","47","57"
Course à pied,2026-07-19 11:41:45,false,"Camphin-en-Pévèle Course à pied","12.28","634","01:15:59","146","155","174","181","6:11","5:45","21","20","0.93","--","--","0.0","13,250","'-20","Non","00:01:41.3","13","01:15:46","01:15:59","47","59"
Course à pied,2026-07-17 12:21:06,false,"Camphin-en-Pévèle Course à pied","7.33","392","00:50:23","145","161","170","180","6:53","6:11","12","13","0.85","--","--","0.0","8,570","'-20","Non","00:02:10.0","8","00:50:20","00:50:23","47","57"
Course à pied,2026-07-15 20:17:19,false,"Camphin-en-Pévèle - Seuil 2x2km","8.32","440","00:50:26","155","179","174","185","6:04","4:48","12","12","0.95","--","--","0.0","8,758","'-11","Non","00:02:00","10","00:50:16","00:50:30","47","57"
Course à pied,2026-07-13 20:23:03,false,"Camphin-en-Pévèle Course à pied","7.33","376","00:49:07","137","148","169","176","6:42","6:05","13","13","0.88","--","--","0.0","8,280","'-8","Non","00:02:12.2","8","00:49:04","00:49:07","47","57"
Course à pied,2026-07-10 18:24:34,false,"Camphin-en-Pévèle Course à pied","7.35","383","00:52:59","141","153","169","177","7:13","6:27","11","12","0.82","--","--","0.0","8,912","'-10","Non","00:02:30.0","8","00:52:57","00:52:59","47","57"
Course à pied,2026-07-08 17:41:31,false,"Libercourt Course à pied","7.19","394","00:48:50","145","177","170","205","6:48","5:37","63","65","0.86","--","--","0.0","8,320","'-13","Non","00:01:13.8","8","00:48:39","00:51:56","26","55"
Course à pied,2026-07-06 19:55:49,false,"Camphin-en-Pévèle Course à pied","12.29","622","01:28:33","136","150","169","177","7:12","5:48","23","23","0.82","--","--","0.0","14,998","'-12","Non","00:02:03.5","13","01:28:30","01:28:33","47","59"
Course à pied,2026-07-03 12:10:58,false,"Camphin-en-Pévèle Course à pied","6.33","357","00:39:56","158","171","174","181","6:19","5:14","7","10","0.91","--","--","0.0","6,946","'-20","Non","00:02:03.3","7","00:39:54","00:39:56","48","57"
Course à pied,2026-07-01 17:17:51,false,"Libercourt Course à pied","10.20","547","01:05:29","148","167","171","185","6:25","5:14","54","53","0.91","--","--","0.0","11,222","'-12","Non","00:01:06.1","11","01:05:26","01:05:29","29","66"
Course à pied,2026-06-28 10:11:22,false,"Ambleteuse Course à pied","17.42","981","01:52:31","159","185","171","190","6:28","4:35","249","250","0.90","--","--","0.0","19,600","'-20","Non","00:02:36.1","18","01:51:49","02:06:07","4","45"
Course à pied,2026-06-26 16:57:34,false,"Ambleteuse Course à pied","9.73","531","01:06:19","149","181","166","184","6:49","5:13","111","115","0.88","--","--","0.0","11,250","'-12","Non","00:05:18.5","10","01:05:31","01:09:11","4","40"
Course à pied,2026-06-21 08:59:56,false,"Métabief Course à pied","16.80","1,299","02:32:05","168","189","131","245","9:03","3:57","754","746","0.83","--","--","0.0","21,164","'-31","Non","00:03:46.7","17","02:25:14","02:34:24","1,014","1,452"
Course à pied,2026-06-19 18:52:39,false,"Doubs Course à pied","6.64","354","00:49:10","139","166","165","187","7:24","5:41","18","19","0.82","--","--","0.0","8,206","'-5","Non","00:05:00.2","7","00:47:51","00:49:52","809","821"
Course à pied,2026-06-17 12:15:54,false,"Camphin-en-Pévèle Course à pied","7.34","372","00:52:28","134","143","170","176","7:09","5:57","14","14","0.82","--","--","0.0","8,888","'-9","Non","00:02:26.0","8","00:52:25","00:52:35","47","57"
Course à pied,2026-06-13 10:06:19,false,"Raismes Course à pied","15.01","895","01:40:51","163","186","166","248","6:43","4:01","265","271","0.90","--","--","0.0","17,006","'-27","Non","00:00:02.9","16","01:40:17","01:55:43","19","82"
Course à pied,2026-06-10 12:12:10,false,"Camphin-en-Pévèle Course à pied","7.36","383","00:47:38","142","157","173","181","6:29","5:05","14","15","0.89","--","--","0.0","8,248","'-12","Non","00:02:17.9","8","00:47:36","00:47:38","47","57"
Course à pied,2026-06-07 09:38:26,false,"Camphin-en-Pévèle Course à pied","16.51","852","01:36:33","157","173","178","189","5:51","4:59","61","62","0.96","--","--","0.0","17,212","'-26","Non","00:02:42.9","17","01:36:14","01:36:59","41","76"
Course à pied,2026-06-05 12:35:02,false,"Camphin-en-Pévèle - Fractionné 30/30","5.63","296","00:37:07","146","185","160","214","6:36","3:13","11","10","0.94","--","--","0.0","5,974","'-11","Non","00:00:03.1","36","00:36:59","00:37:07","47","55"
Course à pied,2026-06-04 18:15:05,false,"Camphin-en-Pévèle Course à pied","7.35","374","00:48:30","138","155","171","182","6:36","5:37","14","15","0.89","--","--","0.0","8,278","'-8","Non","00:02:17.9","8","00:48:28","00:48:45","47","57"
Course à pied,2026-05-31 16:07:52,false,"Libercourt Course à pied","10.04","532","01:03:44","148","168","173","181","6:21","5:20","56","57","0.91","--","--","0.0","11,066","'-11","Non","00:00:15.0","11","01:03:42","01:03:44","29","64"
Course à pied,2026-05-31 08:59:53,false,"Templeuve-en-Pévèle Course à pied","5.06","247","00:24:19","176","189","187","196","4:48","3:54","11","14","1.11","--","--","0.0","4,494","'-11","Non","00:00:20.0","6","00:24:17","00:24:22","27","44"
Course à pied,2026-05-29 07:17:58,false,"Camphin-en-Pévèle Course à pied","7.34","379","00:50:19","138","152","172","181","6:52","5:44","12","12","0.85","--","--","0.0","8,666","'-14","Non","00:02:17.6","8","00:50:16","00:50:25","47","57"
Course à pied,2026-05-27 12:04:56,false,"Camphin-en-Pévèle Course à pied","7.33","400","00:47:28","152","167","173","180","6:29","5:42","19","17","0.89","--","--","0.0","8,232","'-12","Non","00:02:10.0","8","00:47:25","00:47:31","47","59"
Course à pied,2026-05-23 09:10:46,false,"Fretin Course à pied","21.20","1,201","02:12:40","165","187","171","185","6:15","5:10","87","89","0.93","--","--","0.0","22,756","'-25","Non","00:01:05.4","22","02:12:29","02:12:59","23","49"
Course à pied,2026-05-20 17:21:10,false,"Libercourt - 16x400m","10.03","544","01:00:00","161","188","163","247","5:59","3:24","30","32","1.00","--","--","0.0","9,768","'-11","Non","00:01:00","35","00:59:10","01:00:16","27","35"
Course à pied,2026-05-19 19:45:56,false,"Bachy Course à pied","7.07","386","00:43:44","155","176","171","180","6:11","5:15","30","33","0.95","--","--","0.0","7,474","'-6","Non","00:00:26.1","8","00:43:36","00:43:52","54","77"
Course à pied,2026-05-18 18:13:25,false,"Camphin-en-Pévèle Course à pied","10.01","517","00:57:48","157","177","174","184","5:46","5:02","19","18","0.99","--","--","0.0","10,058","'-10","Non","00:00:03.1","11","00:57:45","00:57:48","47","59"
Course à pied,2026-05-16 10:37:08,false,"Libercourt - Terril libercourt","14.05","727","01:29:05","149","184","168","244","6:21","4:31","139","139","0.94","--","--","0.0","14,982","'-22","Non","00:00:01.7","23","01:28:15","01:31:15","27","55"
Marche à pied,2026-05-15 18:24:42,false,"Attiches Marche à pied","7.15","317","01:22:04","88","172","121","193","11:29","3:46","40","39","0.72","--","--","0.0","9,916","'-5","Non","00:01:44.9","8","01:20:46","01:22:04","31","62"
Course à pied,2026-05-13 17:17:24,false,"Camphin-en-Pévèle - Fractionné 30/30","7.76","416","00:50:36","154","187","166","225","6:31","2:57","10","9","0.91","--","--","0.0","8,316","'-11","Non","00:00:26.0","38","00:50:30","00:50:36","48","57"
Course à pied,2026-05-12 18:37:25,false,"Camphin-en-Pévèle Course à pied","6.86","342","00:47:36","134","147","168","180","6:56","5:21","12","13","0.86","--","--","0.0","7,978","'-9","Non","00:05:28.0","7","00:47:32","01:28:28","48","57"
Course à pied,2026-05-10 11:26:04,false,"Raismes Course à pied","12.10","711","01:29:41","157","187","153","246","7:25","4:37","249","253","0.88","--","--","0.0","14,052","'-19","Non","00:00:39.0","13","01:29:01","01:34:51","19","85"
Marche à pied,2026-05-08 17:05:10,false,"Attiches Marche à pied","5.45","258","01:19:05","89","107","97","212","14:31","4:41","33","31","0.71","--","--","0.0","8,254","'-3","Non","00:05:55.1","6","01:08:48","01:19:05","31","62"
Course à pied,2026-05-08 11:41:46,false,"Camphin-en-Pévèle Course à pied","15.09","807","01:39:12","152","171","170","178","6:35","5:45","46","47","0.90","--","--","0.0","16,842","'-18","Non","00:00:32.4","16","01:39:04","01:39:21","41","57"
Course à pied,2026-05-05 20:23:44,false,"Camphin-en-Pévèle Course à pied","7.35","391","00:48:20","147","167","171","184","6:34","5:22","12","13","0.89","--","--","0.0","8,252","'-7","Non","00:02:29.2","8","00:48:18","00:48:26","47","57"
Course à pied,2026-05-01 16:54:00,false,"Cugny Course à pied","6.38","351","00:44:23","150","174","168","176","6:58","5:21","53","50","0.86","--","--","0.0","7,442","'-5","Non","00:02:40.7","7","00:44:19","00:44:31","67","99"
Course à pied,2026-04-30 17:30:22,false,"Libercourt Course à pied","10.03","552","01:02:38","158","176","172","181","6:15","5:30","56","57","0.93","--","--","0.0","10,762","'-11","Non","00:00:10.7","11","01:02:36","01:02:38","29","64"
Course à pied,2026-04-29 12:22:12,false,"Camphin-en-Pévèle Course à pied","6.40","345","00:36:37","166","184","176","186","5:43","4:57","9","9","0.99","--","--","0.0","6,422","'-9","Non","00:02:07.1","7","00:36:35","00:36:42","48","57"
Marche à pied,2026-04-26 17:35:58,false,"Attiches Marche à pied","7.02","320","01:32:23","90","140","104","240","13:09","4:54","42","41","0.73","--","--","0.0","10,052","'-3","Non","00:00:16.4","8","01:25:00","01:32:23","31","63"
Course à pied,2026-04-26 10:07:58,false,"Villeneuve-d'Ascq Course à pied","10.10","520","00:51:00","177","190","180","200","5:03","3:29","54","40","1.10","--","--","0.0","9,146","'-18","Non","00:00:21.0","11","00:50:56","00:51:00","22","47"
Course à pied,2026-04-24 16:35:33,false,"Camphin-en-Pévèle Course à pied","6.40","330","00:44:00","137","149","167","174","6:52","6:19","11","10","0.87","--","--","0.0","7,318","'-8","Non","00:02:46.1","7","00:43:58","00:44:05","48","57"
Course à pied,2026-04-22 17:16:33,false,"Camphin-en-Pévèle Course à pied","10.01","537","00:56:25","167","184","176","188","5:38","4:35","17","18","1.01","--","--","0.0","9,970","'-12","Non","00:00:01.9","11","00:56:22","00:58:10","47","58"
Course à pied,2026-04-20 19:03:50,false,"Camphin-en-Pévèle Course à pied","8.30","422","00:51:43","142","157","172","182","6:14","5:11","15","16","0.93","--","--","0.0","8,938","'-10","Non","00:01:47.4","9","00:51:40","00:51:43","47","57"
Course à pied,2026-04-17 17:11:48,false,"Camphin-en-Pévèle Course à pied","12.45","668","01:13:49","160","176","173","190","5:56","4:40","18","19","0.98","--","--","0.0","12,714","'-19","Non","00:02:21.2","13","01:13:46","01:14:26","47","59"
Course à pied,2026-04-15 18:38:48,false,"Libercourt - Fractionné 30/30","5.91","330","00:35:56","166","188","161","231","6:05","2:54","18","17","1.01","--","--","0.0","5,844","'-11","Non","00:00:03.3","36","00:35:53","00:39:23","27","45"
Course à pied,2026-04-14 19:48:36,false,"Bachy Course à pied","5.14","258","00:33:31","133","154","165","176","6:31","5:32","27","28","0.93","--","--","0.0","5,516","'-8","Non","00:00:57.5","6","00:33:14","00:36:49","52","74"
Course à pied,2026-04-13 12:22:06,false,"Camphin-en-Pévèle Course à pied","7.23","360","00:36:41","168","184","179","188","5:04","4:19","9","10","1.11","--","--","0.0","6,554","'-13","Non","00:01:14.1","8","00:36:39","00:37:50","47","57"
Course à pied,2026-04-08 17:28:00,false,"Villeneuve-d'Ascq Course à pied","5.44","302","00:31:59","165","182","172","179","5:53","5:18","26","30","0.99","--","--","0.0","5,478","'-7","Non","00:02:42.0","6","00:31:57","00:31:59","20","35"
Course à pied,2026-04-06 17:55:42,false,"Libercourt Course à pied","10.02","545","00:59:42","159","178","171","180","5:58","4:54","54","53","0.98","--","--","0.0","10,150","'-13","Non","00:00:05.5","11","00:59:32","00:59:52","29","64"
Course à pied,2026-04-03 12:13:51,false,"Camphin-en-Pévèle Course à pied","5.10","256","00:33:17","133","147","170","177","6:32","4:55","6","8","0.90","--","--","0.0","5,640","'-11","Non","00:00:37.7","6","00:33:15","00:33:23","47","57"
Course à pied,2026-04-01 12:27:19,false,"Camphin-en-Pévèle Course à pied","3.97","197","00:24:12","139","151","174","237","6:05","4:53","8","8","0.94","--","--","0.0","4,232","'-9","Non","00:05:30.3","4","00:24:11","00:30:14","44","55"
Course à pied,2026-03-29 18:53:38,false,"Genech Course à pied","6.72","351","00:38:05","159","175","177","191","5:40","4:51","33","31","1.00","--","--","0.0","6,722","'-7","Non","00:03:43.1","7","00:38:04","00:38:05","30","54"
Course à pied,2026-03-18 12:18:03,false,"Genech Course à pied","6.01","304","00:31:00","169","188","176","187","5:10","4:08","27","27","1.10","--","--","0.0","5,504","'-11","Non","00:00:01.8","7","00:30:57","00:32:20","30","47"
Course à pied,2026-03-17 19:56:46,false,"Genech Course à pied","4.85","233","00:35:20","126","163","166","184","7:17","4:33","20","18","0.82","--","--","0.0","5,876","'-5","Non","00:04:04.8","5","00:35:09","00:40:26","43","61"
Course à pied,2026-03-15 10:31:31,false,"Genech Course à pied","8.21","444","00:49:39","156","178","175","183","6:03","5:05","39","37","0.95","--","--","0.0","8,672","'-13","Non","00:01:06.5","9","00:49:31","00:49:46","30","61"
Course à pied,2026-03-06 12:20:23,false,"Genech Course à pied","7.01","367","00:47:25","143","167","169","179","6:46","5:15","33","34","0.87","--","--","0.0","8,022","'-11","Non","00:00:04.0","8","00:47:24","00:47:25","31","54"
Course à pied,2026-03-04 17:42:45,false,"Villeneuve-d'Ascq Course à pied","13.03","708","01:15:56","164","177","172","180","5:50","5:12","65","63","1.00","--","--","0.0","13,114","'-13","Non","00:00:12.8","14","01:15:53","01:15:56","20","41"
Course à pied,2026-03-01 15:16:04,false,"Genech Course à pied","21.22","1,111","01:59:17","162","184","179","190","5:37","4:35","95","96","0.99","--","--","0.0","21,308","'-27","Non","00:01:05.5","22","01:59:11","02:03:57","32","73"
Course à pied,2026-02-25 17:43:12,false,"Attiches Course à pied","5.02","249","00:36:47","127","167","167","182","7:20","4:41","11","11","0.82","--","--","0.0","6,130","'-5","Non","00:00:04.4","6","00:36:43","00:37:00","53","66"
Course à pied,2026-02-25 12:20:14,false,"Genech Course à pied","6.01","311","00:33:19","159","175","174","181","5:33","4:35","22","23","1.04","--","--","0.0","5,756","'-10","Non","00:00:02.8","7","00:33:16","00:33:19","30","47"
Course à pied,2026-02-24 19:48:51,false,"Genech Course à pied","8.82","434","01:10:25","121","155","162","177","7:59","4:57","42","42","0.77","--","--","0.0","11,496","'-8","Non","00:04:30.6","9","01:09:33","01:15:20","32","61"
Course à pied,2026-02-22 15:42:04,false,"Raismes Course à pied","12.16","688","01:30:57","144","187","154","246","7:29","4:24","302","303","0.86","--","--","0.0","14,240","'-14","Non","00:00:59.2","13","01:29:40","01:45:08","19","85"
Course à pied,2026-02-20 18:00:13,false,"Genech Course à pied","7.55","395","00:41:58","163","182","178","238","5:33","4:15","31","30","1.01","--","--","0.0","7,450","'-10","Non","00:02:35.9","8","00:41:56","00:42:01","32","61"
Course à pied,2026-02-18 12:24:09,false,"Genech - Fractionné 30/30","5.86","303","00:36:32","149","186","166","214","6:14","2:42","26","25","0.96","--","--","0.0","6,026","'-11","Non","00:00:30","34","00:36:28","00:36:47","30","47"
Course à pied,2026-02-17 18:35:57,false,"Genech - EF Max 150bpm","9.28","477","01:02:12","138","150","171","180","6:42","5:55","36","35","0.87","--","--","0.0","10,602","'-12","Non","00:00:02.9","11","01:02:10","01:02:13","32","61"
Course à pied,2026-02-14 11:04:40,false,"Libercourt - Terril libercourt","15.53","819","01:39:30","150","165","168","187","6:24","4:53","171","173","0.92","--","--","0.0","16,864","'-22","Non","00:00:01.6","24","01:39:17","01:39:31","28","55"
Course à pied,2026-02-11 18:50:41,false,"Genech Course à pied","11.43","618","01:06:03","163","182","177","192","5:47","4:12","64","64","0.98","--","--","0.0","11,690","'-15","Non","00:02:21.2","12","01:05:58","01:06:10","32","61"
Course à pied,2026-02-08 13:12:09,false,"Genech Course à pied","10.12","526","01:05:59","142","157","176","188","6:31","5:47","43","43","0.87","--","--","0.0","11,580","'-11","Non","00:00:40.8","11","01:05:56","01:06:04","30","57"
Course à pied,2026-02-06 17:35:14,false,"Genech Course à pied","10.31","541","00:56:41","165","186","178","192","5:30","4:06","51","50","1.02","--","--","0.0","10,102","'-14","Non","00:01:48.9","11","00:56:39","00:59:01","30","61"
Course à pied,2026-02-04 12:26:42,false,"Genech - Fractionné 30/30","6.04","329","00:39:22","154","187","167","207","6:31","3:12","22","24","0.91","--","--","0.0","6,496","'-9","Non","00:00:30","34","00:39:19","00:39:22","30","47"
Course à pied,2026-02-03 19:54:10,false,"Genech Course à pied","9.82","473","01:15:39","124","153","165","190","7:42","4:04","45","45","0.78","--","--","0.0","12,530","'-9","Non","00:03:45.2","10","01:14:52","01:28:40","32","61"
Course à pied,2026-02-01 11:05:24,false,"Genech Course à pied","15.20","792","01:30:22","154","171","179","188","5:57","5:10","75","73","0.94","--","--","0.0","16,102","'-20","Non","00:01:10.5","16","01:30:18","01:30:22","32","61"
Course à pied,2026-01-30 17:14:48,false,"Genech Course à pied","10.46","560","01:01:55","158","178","177","190","5:55","4:38","48","47","0.95","--","--","0.0","10,978","'-11","Non","00:02:33.8","11","01:01:54","01:01:55","30","61"
Course à pied,2026-01-28 12:24:47,false,"Genech - Fractionné 30/30","5.83","308","00:36:57","151","187","169","233","6:21","3:12","24","25","0.93","--","--","0.0","6,130","'-9","Non","00:00:30","34","00:36:55","00:36:57","30","47"
Course à pied,2026-01-25 11:21:56,false,"Libercourt Course à pied","16.51","894","01:42:23","154","172","176","220","6:12","4:58","99","101","0.92","--","--","0.0","18,012","'-21","Non","00:02:57.4","17","01:42:13","01:42:39","27","64"
Cyclisme,2026-01-24 14:54:08,false,"Genech Cyclisme","25.47","494","01:10:25","143","187","--","--","21.7","39.0","86","84","--","--","--","0.0","--","'-14","Non","00:01:11.0","6","01:09:50","01:10:25","29","72"
Course à pied,2026-01-22 19:55:53,false,"Genech Course à pied","7.23","366","00:45:24","140","153","169","178","6:17","5:28","30","28","0.94","--","--","0.0","7,704","'-9","Non","00:01:27.5","8","00:45:11","00:59:59","32","61"
Course à pied,2026-01-20 19:41:26,false,"Genech Course à pied","9.87","521","01:01:00","149","169","173","186","6:11","5:05","48","46","0.94","--","--","0.0","10,508","'-14","Non","00:04:53.2","10","01:00:53","01:08:34","32","61"
Course à pied,2026-01-18 11:11:13,false,"Libercourt - Entraînement course à pied","21.22","1,121","02:25:08","148","185","164","197","6:51","4:39","245","248","0.89","--","--","0.0","23,978","'-30","Non","00:03:30.8","27","02:23:58","02:25:11","27","55"
Course à pied,2026-01-15 18:09:23,false,"Genech Course à pied","10.01","529","01:00:22","155","173","173","184","6:02","4:47","51","50","0.96","--","--","0.0","10,398","'-10","Non","00:00:03.5","11","01:00:19","01:00:22","41","61"
Course à pied,2026-01-14 17:07:52,false,"Genech - Fractionné 30/30","4.36","227","00:27:05","152","186","173","198","6:12","3:21","21","21","0.93","--","--","0.0","4,628","'-8","Non","00:00:30","22","00:27:03","00:27:10","44","62"
Course à pied,2026-01-13 19:43:56,false,"Genech Course à pied","9.81","506","01:11:05","140","169","167","186","7:15","4:38","47","45","0.82","--","--","0.0","11,880","'-9","Non","00:03:58.2","10","01:10:35","01:17:33","32","61"
Course à pied,2026-01-10 15:59:02,false,"Genech Course à pied","9.01","476","00:51:40","161","172","177","187","5:44","5:15","40","42","0.99","--","--","0.0","9,114","'-10","Non","00:00:02.4","10","00:51:38","00:51:44","30","61"
Course à pied,2026-01-09 17:15:19,false,"Genech Course à pied","7.01","350","00:38:19","155","187","176","186","5:28","4:29","33","34","1.04","--","--","0.0","6,748","'-9","Non","00:00:02.9","8","00:38:18","00:38:19","41","61"
Course à pied,2026-01-03 14:43:39,false,"Libercourt Course à pied","10.03","542","01:05:57","151","166","171","179","6:35","5:15","60","59","0.89","--","--","0.0","11,352","'-12","Non","00:00:09.3","11","01:05:54","01:07:32","29","64"
Course à pied,2026-01-02 14:32:42,false,"Libercourt Course à pied","5.01","256","00:35:10","132","149","169","182","7:01","5:26","22","21","0.84","--","--","0.0","5,952","'-6","Non","00:00:04.6","6","00:35:08","00:35:10","24","35"
Course à pied,2025-12-30 19:39:53,false,"Genech Course à pied","12.57","632","01:33:58","136","169","165","184","7:28","4:37","55","52","0.81","--","--","0.0","15,480","'-9","Non","00:02:42.3","13","01:33:33","01:40:25","32","61"
Course à pied,2025-12-28 14:49:46,false,"Genech Course à pied","15.01","772","01:44:02","141","154","171","183","6:56","5:57","80","79","0.84","--","--","0.0","17,704","'-20","Non","00:00:04.2","16","01:43:58","01:44:06","30","61"
Marche à pied,2025-12-27 14:46:41,false,"Genech Marche à pied","7.82","344","01:46:06","81","99","106","234","13:34","9:36","36","36","0.69","--","--","0.0","11,710","'-9","Non","00:11:00","8","01:37:14","01:46:06","32","61"
Course à pied,2025-12-25 14:38:29,false,"Genech Course à pied","21.24","1,116","02:05:32","158","179","177","186","5:55","4:51","99","101","0.96","--","--","0.0","22,150","'-27","Non","00:01:10.2","22","02:05:26","02:05:35","32","73"
Course à pied,2025-12-23 17:38:08,false,"Genech Course à pied","12.59","667","01:17:37","150","173","174","188","6:10","4:16","63","62","0.93","--","--","0.0","13,456","'-17","Non","00:03:02.0","13","01:17:35","01:17:37","41","61"
Course à pied,2025-12-21 17:54:04,false,"Genech Course à pied","5.64","298","00:34:09","150","164","173","180","6:04","5:23","27","29","0.95","--","--","0.0","5,898","'-5","Non","00:03:32.5","6","00:34:07","00:34:09","41","61"
Course à pied,2025-12-17 17:28:34,false,"Genech Course à pied","7.01","368","00:38:42","164","180","176","184","5:31","4:36","33","32","1.03","--","--","0.0","6,798","'-9","Non","00:00:04.0","8","00:38:39","00:38:42","41","61"
Course à pied,2025-12-16 18:46:17,false,"Genech Course à pied","9.28","482","01:02:58","139","156","170","177","6:47","5:49","48","47","0.87","--","--","0.0","10,726","'-9","Non","00:01:50.8","10","01:02:54","01:03:03","41","61"
Course à pied,2025-12-14 14:25:30,false,"Genech Course à pied","8.01","426","00:50:07","149","166","175","184","6:16","5:00","39","40","0.92","--","--","0.0","8,746","'-13","Non","00:00:04.4","9","00:50:05","00:50:07","30","61"
Course à pied,2025-12-13 19:02:55,false,"Libercourt Course à pied","10.05","577","01:06:28","161","179","170","178","6:37","5:56","60","61","0.89","--","--","0.0","11,322","'-11","Non","00:00:21.6","11","01:06:24","01:06:28","29","64"
Course à pied,2025-12-10 17:30:42,false,"Genech Course à pied","7.01","377","00:44:53","148","163","171","181","6:24","5:42","34","34","0.91","--","--","0.0","7,644","'-11","Non","00:00:03.8","8","00:44:51","00:44:58","41","61"
Course à pied,2025-12-09 19:44:49,false,"Genech Course à pied","8.82","459","01:04:18","136","156","167","178","7:17","5:33","53","50","0.82","--","--","0.0","10,728","'-9","Non","00:04:48.6","9","01:03:56","01:07:39","41","61"
Course à pied,2025-12-05 17:54:33,false,"Genech Course à pied","7.01","371","00:41:17","152","165","175","187","5:53","5:03","34","33","0.97","--","--","0.0","7,238","'-6","Non","00:00:03.7","8","00:41:15","00:41:17","41","61"
Course à pied,2025-12-03 17:27:11,false,"Genech Course à pied","12.01","633","01:11:25","154","171","175","188","5:57","5:08","58","56","0.96","--","--","0.0","12,482","'-17","Non","00:00:02.9","13","01:11:22","01:11:25","37","61"
Course à pied,2025-11-30 14:57:34,false,"Libercourt - Entraînement course à pied","18.04","927","01:59:02","141","175","165","195","6:36","4:41","211","212","0.92","--","--","0.0","19,828","'-30","Non","00:01:16.4","25","01:58:24","01:59:35","27","55"
Course à pied,2025-11-28 12:23:49,false,"Genech - Fractionné 30/30","4.79","274","00:29:43","163","187","171","196","6:12","3:30","19","21","0.94","--","--","0.0","5,034","'-11","Non","00:00:09.3","23","00:29:26","00:29:43","43","62"
Course à pied,2025-11-26 17:20:26,false,"Genech Course à pied","10.01","525","00:57:57","154","180","171","185","5:47","4:38","48","46","1.01","--","--","0.0","9,904","'-16","Non","00:00:03.5","11","00:57:51","00:58:02","37","61"
Course à pied,2025-11-25 19:42:30,false,"Genech Course à pied","11.34","486","01:10:40","143","158","169","179","6:14","4:50","58","56","0.95","--","--","0.0","11,998","'-15","Non","00:00:19.7","14","01:10:09","01:13:05","41","61"
